Interface,XSI,POSIX Base,U98,U95,P96 P92,C99,C89,SVID3,BSD,LSB 1.3,OpenVMS 7.3-2
a64l(),m,xsi,m,m,.,.,.,m,.,libc,alpha
abort(),m,m,m,m,m,m,m,m,m,libc,m
abs(),m,m,m,m,m,m,m,m,m,libc,m
accept(),m,m,m,m,.,.,.,.,m,libc,m
access(),m,m,m,m,m,.,.,m,m,libc,m
acct(),.,.,.,.,.,.,.,.,.,libc,.
acosf(),m,m,.,.,.,m,.,.,.,libm,alpha
acoshf(),m,m,.,.,.,m,.,.,.,libm,alpha
acoshl(),m,m,.,.,.,m,.,.,.,libm,alpha
acosh(),m,m,m,m,.,m,.,m,m,libm,alpha
acosl(),m,m,.,.,.,m,.,.,.,libm,alpha
acos(),m,m,m,m,m,m,m,m,m,libm,m
adjtime(),.,.,.,.,.,.,.,.,.,libc,.
adjtimex(),.,.,.,.,.,.,.,.,.,libc,.
advance(),.,.,.,.,.,.,.,.,.,libc,.
aio_cancel(),o,aio,o,.,r,.,.,.,.,.,.
aio_error(),o,aio,o,.,r,.,.,.,.,.,.
aio_fsync(),o,aio,o,.,r,.,.,.,.,.,.
aio_read(),o,aio,o,.,r,.,.,.,.,.,.
aio_return(),o,aio,o,.,r,.,.,.,.,.,.
aio_suspend(),o,aio,o,.,r,.,.,.,.,.,.
aio_write(),o,aio,o,.,r,.,.,.,.,.,.
alarm(),m,m,m,m,m,.,.,m,m,libc,m
alphasort64(),.,.,.,.,.,.,.,.,.,libc(ob),.
alphasort(),.,.,.,.,.,.,.,.,.,libc(ob),.
asctime(),m,m,m,m,m,m,m,m,m,libc,m
asctime_r(),m,tsf,m,.,t,.,.,.,.,libc,m
asinf(),m,m,.,.,.,m,.,.,.,libm,alpha
asinhf(),m,m,.,.,.,m,.,.,.,libm,alpha
asinhl(),m,m,.,.,.,m,.,.,.,libm,alpha
asinh(),m,m,m,m,.,.,.,m,m,libm,alpha
asinl(),m,m,.,.,.,m,.,.,.,libm,alpha
asin(),m,m,m,m,m,m,m,m,m,libm,m
asprintf(),.,.,.,.,.,.,.,.,.,libc,.
__assert_fail(),.,.,.,.,.,.,.,.,.,libc,.
assert(),m,m,m,m,m,m,m,m,m,.,m
atan2f(),m,m,.,.,.,m,.,.,.,libm,alpha
atan2l(),m,m,.,.,.,m,.,.,.,libm,alpha
atan2(),m,m,m,m,m,m,m,m,m,libm,m
atanf(),m,m,.,.,.,m,.,.,.,libm,alpha
atanhf(),m,m,.,.,.,m,.,.,.,libm,alpha
atanhl(),m,m,.,.,.,m,.,.,.,libm,alpha
atanh(),m,m,m,m,.,m,.,m,m,libm,alpha
atanl(),m,m,.,.,.,m,.,.,.,libm,alpha
atan(),m,m,m,m,m,m,m,m,m,libm,m
atexit(),m,m,m,m,.,m,m,m,.,libc,m
atof(),m,m,m,m,m,m,m,m,m,libc,m
atoi(),m,m,m,m,m,m,m,m,m,libc,m
atoll(),m,m,.,.,.,m,.,.,.,libc,alpha
atol(),m,m,m,m,m,m,m,m,m,libc,m
authnone_create(),.,.,.,.,.,.,.,.,.,libc,.
basename(),m,xsi,m,m,.,.,.,.,.,libc,m
bcmp(),l,xsi,m,m,.,.,.,.,m,libc,m
bcopy(),l,xsi,m,m,.,.,.,.,m,libc,m
bind(),m,m,m,m,.,.,.,.,m,libc,m
bindresvport(),.,.,.,.,.,.,.,.,.,libc,.
bind_textdomain_codeset(),.,.,.,.,.,.,.,.,.,libc,.
bindtextdomain(),.,.,.,.,.,.,.,.,.,libc,.
brk(),.,.,.,.,.,.,.,.,.,libc,.
bsd_signal(),ob,xsi,m,m,.,.,.,.,.,libc,.
bsearch(),m,m,m,m,m,m,m,m,.,libc,m
btowc(),m,m,m,.,.,m,1,.,.,libc,m
bzero(),l,xsi,m,m,.,.,.,.,m,libc,m
cabsf(),m,m,.,.,.,m,.,.,.,libm,alpha
cabsl(),m,m,.,.,.,m,.,.,.,libm,alpha
cabs(),m,m,.,.,.,m,.,.,.,libm,m
cacosf(),m,m,.,.,.,m,.,.,.,libm,alpha
cacoshf(),m,m,.,.,.,m,.,.,.,libm,alpha
cacoshl(),m,m,.,.,.,m,.,.,.,libm,alpha
cacosh(),m,m,.,.,.,m,.,.,.,libm,alpha
cacosl(),m,m,.,.,.,m,.,.,.,libm,alpha
cacos(),m,m,.,.,.,m,.,.,.,libm,alpha
calloc(),m,m,m,m,m,m,m,m,m,libc,m
cargf(),m,m,.,.,.,m,.,.,.,libm,alpha
cargl(),m,m,.,.,.,m,.,.,.,libm,alpha
carg(),m,m,.,.,.,m,.,.,.,libm,alpha
casinf(),m,m,.,.,.,m,.,.,.,libm,alpha
casinhf(),m,m,.,.,.,m,.,.,.,libm,alpha
casinhl(),m,m,.,.,.,m,.,.,.,libm,alpha
casinh(),m,m,.,.,.,m,.,.,.,libm,alpha
casinl(),m,m,.,.,.,m,.,.,.,libm,alpha
casin(),m,m,.,.,.,m,.,.,.,libm,alpha
catanf(),m,m,.,.,.,m,.,.,.,libm,alpha
catanhf(),m,m,.,.,.,m,.,.,.,libm,alpha
catanhl(),m,m,.,.,.,m,.,.,.,libm,alpha
catanh(),m,m,.,.,.,m,.,.,.,libm,alpha
catanl(),m,m,.,.,.,m,.,.,.,libm,alpha
catan(),m,m,.,.,.,m,.,.,.,libm,alpha
catclose(),m,xsi,m,m,.,.,.,m,.,libc,m
catgets(),m,xsi,m,m,.,.,.,m,.,libc,m
catopen(),m,xsi,m,m,.,.,.,m,.,libc,m
cbrtf(),m,m,.,.,.,m,.,.,.,libm,alpha
cbrtl(),m,m,.,.,.,m,.,.,.,libm,alpha
cbrt(),m,m,m,m,.,m,.,m,m,libm,alpha
ccosf(),m,m,.,.,.,m,.,.,.,libm,alpha
ccoshf(),m,m,.,.,.,m,.,.,.,libm,alpha
ccoshl(),m,m,.,.,.,m,.,.,.,libm,alpha
ccosh(),m,m,.,.,.,m,.,.,.,libm,alpha
ccosl(),m,m,.,.,.,m,.,.,.,libm,alpha
ccos(),m,m,.,.,.,m,.,.,.,libm,alpha
ceilf(),m,m,.,.,.,m,.,.,.,libm,alpha
ceill(),m,m,.,.,.,m,.,.,.,libm,alpha
ceil(),m,m,m,m,m,m,m,m,m,libm,m
cexpf(),m,m,.,.,.,m,.,.,.,libm,alpha
cexpl(),m,m,.,.,.,m,.,.,.,libm,alpha
cexp(),m,m,.,.,.,m,.,.,.,libm,alpha
cfgetispeed(),m,m,m,m,m,.,.,m,.,libc,.
cfgetospeed(),m,m,m,m,m,.,.,m,.,libc,.
cfmakeraw(),.,.,.,.,.,.,.,.,.,libc,.
cfsetispeed(),m,m,m,m,m,.,.,m,.,libc,.
cfsetospeed(),m,m,m,m,m,.,.,m,.,libc,.
cfsetspeed(),.,.,.,.,.,.,.,.,.,libc,.
chdir(),m,m,m,m,m,.,.,m,m,libc,m
chmod(),m,m,m,m,m,.,.,m,m,libc,m
chown(),m,m,m,m,m,.,.,m,m,libc,m
chroot(),.,.,.,.,.,.,.,.,.,libc,.
cimagf(),m,m,.,.,.,m,.,.,.,libm,alpha
cimagl(),m,m,.,.,.,m,.,.,.,libm,alpha
cimag(),m,m,.,.,.,m,.,.,.,libm,alpha
clearerr(),m,m,m,m,m,m,m,m,m,libc,m
clnt_create(),.,.,.,.,.,.,.,.,.,libc,.
clnt_pcreateerror(),.,.,.,.,.,.,.,.,.,libc,.
clnt_perrno(),.,.,.,.,.,.,.,.,.,libc,.
clnt_perror(),.,.,.,.,.,.,.,.,.,libc,.
clnt_spcreateerror(),.,.,.,.,.,.,.,.,.,libc,.
clnt_sperrno(),.,.,.,.,.,.,.,.,.,libc,.
clnt_sperror(),.,.,.,.,.,.,.,.,.,libc,.
clock_getcpuclockid(),o,cpt,.,.,.,.,.,.,.,.,.
clock_getres(),o,tmr,o,.,r,.,.,.,.,.,alpha
clock_gettime(),o,tmr,o,.,r,.,.,.,.,.,alpha
clock(),m,m,m,m,.,m,m,m,.,libc,m
clock_nanosleep(),o,cs,.,.,.,.,.,.,.,.,.
clock_settime(),o,tmr,o,.,r,.,.,.,.,.,alpha
clog10f(),.,.,.,.,.,.,.,.,.,libm,.
clog10(),.,.,.,.,.,.,.,.,.,libm,.
clog10l(),.,.,.,.,.,.,.,.,.,libm,.
clogf(),m,m,.,.,.,m,.,.,.,libm,alpha
clogl(),m,m,.,.,.,m,.,.,.,libm,alpha
clog(),m,m,.,.,.,m,.,.,.,libm,alpha
closedir(),m,m,m,m,m,.,.,m,m,libc,m
closelog(),m,xsi,m,m,.,.,.,.,m,libc,.
close(),m,m,m,m,m,.,.,m,m,libc,m
confstr(),m,m,m,m,m,.,.,.,.,libc,m
conjf(),m,m,.,.,.,m,.,.,.,libm,alpha
conjl(),m,m,.,.,.,m,.,.,.,libm,alpha
conj(),m,m,.,.,.,m,.,.,.,libm,alpha
connect(),m,m,m,m,.,.,.,.,m,libc,m
copysignf(),m,m,.,.,.,m,.,.,.,libm,alpha
copysignl(),m,m,.,.,.,m,.,.,.,libm,alpha
copysign(),m,m,.,.,.,m,.,.,.,libm,m
cosf(),m,m,.,.,.,m,.,.,.,libm,alpha
coshf(),m,m,.,.,.,m,.,.,.,libm,alpha
coshl(),m,m,.,.,.,m,.,.,.,libm,alpha
cosh(),m,m,m,m,m,m,m,m,m,libm,m
cosl(),m,m,.,.,.,m,.,.,.,libm,alpha
cos(),m,m,m,m,m,m,m,m,m,libm,m
cpowf(),m,m,.,.,.,m,.,.,.,libm,alpha
cpowl(),m,m,.,.,.,m,.,.,.,libm,alpha
cpow(),m,m,.,.,.,m,.,.,.,libm,alpha
cprojf(),m,m,.,.,.,m,.,.,.,libm,alpha
cprojl(),m,m,.,.,.,m,.,.,.,libm,alpha
cproj(),m,m,.,.,.,m,.,.,.,libm,alpha
crealf(),m,m,.,.,.,m,.,.,.,libm,alpha
creall(),m,m,.,.,.,m,.,.,.,libm,alpha
creal(),m,m,.,.,.,m,.,.,.,libm,alpha
creat64(),.,.,.,.,.,.,.,.,.,libc,.
creat(),m,m,m,m,m,.,.,m,m,libc,m
crypt(),o,xsi,o,o,.,.,.,m,m,libcrypt,.
csinf(),m,m,.,.,.,m,.,.,.,libm,alpha
csinhf(),m,m,.,.,.,m,.,.,.,libm,alpha
csinhl(),m,m,.,.,.,m,.,.,.,libm,alpha
csinh(),m,m,.,.,.,m,.,.,.,libm,alpha
csinl(),m,m,.,.,.,m,.,.,.,libm,alpha
csin(),m,m,.,.,.,m,.,.,.,libm,alpha
csqrtf(),m,m,.,.,.,m,.,.,.,libm,alpha
csqrtl(),m,m,.,.,.,m,.,.,.,libm,alpha
csqrt(),m,m,.,.,.,m,.,.,.,libm,alpha
ctanf(),m,m,.,.,.,m,.,.,.,libm,alpha
ctanhf(),m,m,.,.,.,m,.,.,.,libm,alpha
ctanhl(),m,m,.,.,.,m,.,.,.,libm,alpha
ctanh(),m,m,.,.,.,m,.,.,.,libm,alpha
ctanl(),m,m,.,.,.,m,.,.,.,libm,alpha
ctan(),m,m,.,.,.,m,.,.,.,libm,alpha
ctermid(),m,m,m,m,m,.,.,m,.,libc,m
ctime(),m,m,m,m,m,m,m,m,m,libc,m
ctime_r(),m,tsf,m,.,t,.,.,.,.,libc,m
__ctype_b,.,.,.,.,.,.,.,.,.,libc,.
__ctype_get_mb_cur_max(),.,.,.,.,.,.,.,.,.,libc,.
__ctype_tolower,.,.,.,.,.,.,.,.,.,libc,.
__ctype_toupper,.,.,.,.,.,.,.,.,.,libc,.
cuserid(),.,.,.,.,.,.,.,.,.,libc,.
__cxa_atexit(),.,.,.,.,.,.,.,.,.,libc,.
daemon(),.,.,.,.,.,.,.,.,.,libc,.
__daylight,.,.,.,.,.,.,.,.,.,libc,.
daylight,m,xsi,m,m,.,.,.,m,.,libc,m
dbm_clearerr(),m,xsi,m,m,.,.,.,.,.,.,.
dbm_close(),m,xsi,m,m,.,.,.,.,.,.,.
dbm_delete(),m,xsi,m,m,.,.,.,.,.,.,.
dbm_error(),m,xsi,m,m,.,.,.,.,.,.,.
dbm_fetch(),m,xsi,m,m,.,.,.,.,.,.,.
dbm_firstkey(),m,xsi,m,m,.,.,.,.,.,.,.
dbm_nextkey(),m,xsi,m,m,.,.,.,.,.,.,.
dbm_open(),m,xsi,m,m,.,.,.,.,.,.,.
dbm_store(),m,xsi,m,m,.,.,.,.,.,.,.
dcgettext(),.,.,.,.,.,.,.,.,.,libc,.
__dcgettext(),.,.,.,.,.,.,.,.,.,libc(ob),.
dcngettext(),.,.,.,.,.,.,.,.,.,libc,.
dgettext(),.,.,.,.,.,.,.,.,.,libc,.
difftime(),m,m,m,m,.,m,m,m,.,libc,m
dirname(),m,xsi,m,m,.,.,.,.,.,libc,m
div(),m,m,m,m,.,m,m,m,.,libc,m
dladdr(),.,.,.,.,.,.,.,.,.,libdl,.
dlclose(),m,xsi,m,.,.,.,.,.,.,libdl,m
dlerror(),m,xsi,m,.,.,.,.,.,.,libdl,m
dlopen(),m,xsi,m,.,.,.,.,.,.,libdl,m
dlsym(),m,xsi,m,.,.,.,.,.,.,libdl,m
dngettext(),.,.,.,.,.,.,.,.,.,libc,.
drand48(),m,xsi,m,m,.,.,.,m,.,libc,m
dremf(),.,.,.,.,.,.,.,.,.,libm,.
dreml(),.,.,.,.,.,.,.,.,.,libm,.
dup2(),m,m,m,m,m,.,.,m,m,libc,m
dup(),m,m,m,m,m,.,.,m,m,libc,m
ecvt(),l,xsi,m,m,.,.,.,.,m,libc,m
encrypt(),o,xsi,o,o,.,.,.,m,m,libcrypt,.
endgrent(),m,xsi,m,m,.,.,.,m,m,libc,alpha
endhostent(),m,m,m,m,.,.,.,.,m,libc(ob),m
endnetent(),m,m,m,m,.,.,.,.,m,libc,m
endprotoent(),m,m,m,m,.,.,.,.,m,libc,m
endpwent(),m,xsi,m,m,.,.,.,m,m,libc,m
endservent(),m,m,m,m,.,.,.,.,m,libc,m
endutent(),.,.,.,.,.,.,.,.,.,libc,.
endutxent(),m,xsi,m,m,.,.,.,.,.,libc,.
__environ,.,.,.,.,.,.,.,.,.,libc,.
_environ,.,.,.,.,.,.,.,.,.,libc,.
environ,m,m,m,m,m,.,.,m,m,libc,m
erand48(),m,xsi,m,m,.,.,.,m,.,libc,m
erfcf(),m,m,.,.,.,m,.,.,.,libm,alpha
erfcl(),m,m,.,.,.,m,.,.,.,libm,alpha
erfc(),m,m,m,m,.,m,.,m,m,libm,alpha
erff(),m,m,.,.,.,m,.,.,.,libm,alpha
erfl(),m,m,.,.,.,m,.,.,.,libm,alpha
erf(),m,m,m,m,.,m,.,m,m,libm,m
err(),.,.,.,.,.,.,.,.,.,libc,.
__errno_location(),.,.,.,.,.,.,.,.,.,libc,.
errno,m,m,m,m,m,m,m,m,m,.,m
error(),.,.,.,.,.,.,.,.,.,libc,.
errx(),.,.,.,.,.,.,.,.,.,libc,.
execle(),m,m,m,m,m,.,.,m,m,libc,m
execl(),m,m,m,m,m,.,.,m,m,libc,m
execlp(),m,m,m,m,m,.,.,m,m,libc,m
execve(),m,m,m,m,m,.,.,m,m,libc,m
execv(),m,m,m,m,m,.,.,m,m,libc,m
execvp(),m,m,m,m,m,.,.,m,m,libc,m
_Exit(),m,m,.,.,.,m,.,.,.,libc,.
_exit(),m,m,m,m,m,.,.,m,m,libc,m
exit(),m,m,m,m,m,m,m,m,m,libc,m
exp2f(),m,m,.,.,.,m,.,.,.,.,alpha
exp2l(),m,m,.,.,.,m,.,.,.,.,alpha
exp2(),m,m,.,.,.,m,.,.,.,.,alpha
expf(),m,m,.,.,.,m,.,.,.,libm,alpha
expl(),m,m,.,.,.,m,.,.,.,libm,alpha
expm1f(),m,m,.,.,.,m,.,.,.,.,alpha
expm1l(),m,m,.,.,.,m,.,.,.,.,alpha
expm1(),m,m,m,m,.,m,.,.,m,libm,alpha
exp(),m,m,m,m,m,m,m,m,m,libm,m
fabsf(),m,m,.,.,.,m,.,.,.,libm,alpha
fabsl(),m,m,.,.,.,m,.,.,.,libm,alpha
fabs(),m,m,m,m,m,m,m,m,m,libm,m
fattach(),o,xsr,m,m,.,.,.,m,.,.,.
fchdir(),m,xsi,m,m,.,.,.,m,.,libc,.
fchmod(),m,m,m,m,.,.,.,m,m,libc,.
fchown(),m,m,m,m,.,.,.,m,m,libc,m
fclose(),m,m,m,m,m,m,m,m,m,libc,m
fcntl(),m,m,m,m,m,.,.,m,m,libc,m
fcvt(),l,xsi,m,m,.,.,.,.,m,libc,m
fdatasync(),o,sio,o,.,r,.,.,.,.,libc,.
FD_CLR(),m,m,m,m,.,.,.,.,.,.,m
fdetach(),o,xsr,m,m,.,.,.,m,.,.,.
fdimf(),m,m,.,.,.,m,.,.,.,libm,alpha
fdiml(),m,m,.,.,.,m,.,.,.,libm,alpha
fdim(),m,m,.,.,.,m,.,.,.,libm,alpha
FD_ISSET(),m,m,m,m,.,.,.,.,.,.,m
fdopen(),m,m,m,m,m,.,.,m,m,libc,m
FD_SET(),m,m,m,m,.,.,.,.,.,.,m
FD_ZERO(),m,m,m,m,.,.,.,.,.,.,m
feclearexcept(),m,m,.,.,.,m,.,.,.,libm,.
fegetenv(),m,m,.,.,.,m,.,.,.,libm,.
fegetexceptflag(),m,m,.,.,.,m,.,.,.,libm,.
fegetround(),m,m,.,.,.,m,.,.,.,libm,.
feholdexcept(),m,m,.,.,.,m,.,.,.,libm,.
feof(),m,m,m,m,m,m,m,m,m,libc,m
feraiseexcept(),m,m,.,.,.,m,.,.,.,libm,.
ferror(),m,m,m,m,m,m,m,m,m,libc,m
fesetenv(),m,m,.,.,.,m,.,.,.,libm,.
fesetexceptflag(),m,m,.,.,.,m,.,.,.,libm,.
fesetround(),m,m,.,.,.,m,.,.,.,libm,.
fetestexcept(),m,m,.,.,.,m,.,.,.,libm,.
feupdateenv(),m,m,.,.,.,m,.,.,.,libm,.
fflush(),m,m,m,m,m,m,m,m,m,libc,m
fflush_unlocked(),.,.,.,.,.,.,.,.,.,libc,.
ffs(),m,xsi,m,m,.,.,.,.,m,libc,m
fgetc(),m,m,m,m,m,m,m,m,m,libc,m
fgetpos64(),.,.,.,.,.,.,.,.,.,libc,.
fgetpos(),m,m,m,m,.,m,m,m,.,libc,m
fgets(),m,m,m,m,m,m,m,m,m,libc,m
fgetwc(),m,m,m,m,.,m,1,.,.,libc,m
fgetwc_unlocked(),.,.,.,.,.,.,.,.,.,libc,.
fgetws(),m,m,m,m,.,m,1,.,.,libc,m
fileno(),m,m,m,m,m,.,.,m,m,libc,m
finitef(),.,.,.,.,.,.,.,.,.,libm,.
finite(),.,.,.,.,.,.,.,.,.,libm,.
finitel(),.,.,.,.,.,.,.,.,.,libm,.
flockfile(),m,tsf,m,.,t,.,.,.,.,libc,.
flock(),.,.,.,.,.,.,.,.,.,libc,.
floorf(),m,m,.,.,.,m,.,.,.,libm,alpha
floorl(),m,m,.,.,.,m,.,.,.,libm,alpha
floor(),m,m,m,m,m,m,m,m,m,libm,m
fmaf(),m,m,.,.,.,m,.,.,.,libm,alpha
fmal(),m,m,.,.,.,m,.,.,.,libm,alpha
fma(),m,m,.,.,.,m,.,.,.,libm,alpha
fmaxf(),m,m,.,.,.,m,.,.,.,libm,alpha
fmaxl(),m,m,.,.,.,m,.,.,.,libm,alpha
fmax(),m,m,.,.,.,m,.,.,.,libm,alpha
fminf(),m,m,.,.,.,m,.,.,.,libm,alpha
fminl(),m,m,.,.,.,m,.,.,.,libm,alpha
fmin(),m,m,.,.,.,m,.,.,.,libm,alpha
fmodf(),m,m,.,.,.,m,.,.,.,libm,alpha
fmodl(),m,m,.,.,.,m,.,.,.,libm,alpha
fmod(),m,m,m,m,m,m,m,m,.,libm,m
fmtmsg(),m,xsi,m,m,.,.,.,m,.,libc,.
fnmatch(),m,m,m,m,m,.,.,.,.,libc,.
fopen64(),.,.,.,.,.,.,.,.,.,libc,.
fopen(),m,m,m,m,m,m,m,m,m,libc,m
fork(),m,m,m,m,m,.,.,m,m,libc,.
fpathconf(),m,m,m,m,m,.,.,m,.,libc,m
fpclassify(),m,m,.,.,.,m,.,.,.,.,.
__fpending(),.,.,.,.,.,.,.,.,.,libc,.
fprintf(),m,m,m,m,m,m,m,m,m,libc,m
fputc(),m,m,m,m,m,m,m,m,m,libc,m
fputs(),m,m,m,m,m,m,m,m,m,libc,m
fputwc(),m,m,m,m,.,m,1,.,.,libc,m
fputws(),m,m,m,m,.,m,1,.,.,libc,m
fread(),m,m,m,m,m,m,m,m,m,libc,m
freeaddrinfo(),m,m,.,.,.,.,.,.,.,libc,m
free(),m,m,m,m,m,m,m,m,m,libc,m
freopen64(),.,.,.,.,.,.,.,.,.,libc,.
freopen(),m,m,m,m,m,m,m,m,m,libc,m
frexpf(),m,m,.,.,.,m,.,.,.,libm,alpha
frexpl(),m,m,.,.,.,m,.,.,.,libm,alpha
frexp(),m,m,m,m,m,m,m,m,m,libm,m
fscanf(),m,m,m,m,m,m,m,m,m,libc,m
fseek(),m,m,m,m,m,m,m,m,m,libc,m
fseeko64(),.,.,.,.,.,.,.,.,.,libc,.
fseeko(),m,m,m,.,.,.,.,.,.,libc,m
fsetpos64(),.,.,.,.,.,.,.,.,.,libc,.
fsetpos(),m,m,m,m,.,m,m,m,.,libc,m
fstatfs64(),.,.,.,.,.,.,.,.,.,libc(ob),.
fstatfs(),.,.,.,.,.,.,.,.,.,libc(ob),.
fstat(),m,m,m,m,m,.,.,m,m,.,m
fstatvfs64(),.,.,.,.,.,.,.,.,.,libc,.
fstatvfs(),m,xsi,m,m,.,.,.,m,.,libc,m
fsync(),m,fsc,m,m,.,.,.,m,m,libc,m
ftell(),m,m,m,m,m,m,m,m,m,libc,m
ftello64(),.,.,.,.,.,.,.,.,.,libc,.
ftello(),m,m,m,.,.,.,.,.,.,libc,m
ftime(),l,xsi,m,m,.,.,.,.,m,libc,m
ftok(),m,xsi,m,m,.,.,.,.,.,libc,.
ftruncate64(),.,.,.,.,.,.,.,.,.,libc,.
ftruncate(),m,m,m,m,.,.,.,.,.,libc,m
ftrylockfile(),m,tsf,m,.,t,.,.,.,.,libc,.
ftw64(),.,.,.,.,.,.,.,.,.,libc,.
ftw(),m,xsi,m,m,.,.,.,m,.,libc,m
funlockfile(),m,tsf,m,.,t,.,.,.,.,libc,.
fwide(),m,m,m,.,.,m,1,.,.,libc,m
fwprintf(),m,m,m,.,.,m,1,.,.,libc,m
fwrite(),m,m,m,m,m,m,m,m,m,libc,m
fwscanf(),m,m,m,.,.,m,1,.,.,libc,m
__fxstat64(),.,.,.,.,.,.,.,.,.,libc,.
__fxstat(),.,.,.,.,.,.,.,.,.,libc,.
gai_strerror(),m,m,.,.,.,.,.,.,.,libc,m
gammaf(),.,.,.,.,.,.,.,.,.,libm,.
gamma(),.,.,.,.,.,.,.,.,.,libm,.
gammal(),.,.,.,.,.,.,.,.,.,libm,.
gcvt(),l,xsi,m,m,.,.,.,.,m,libc,m
getaddrinfo(),m,m,.,.,.,.,.,.,.,libc,alpha
getchar(),m,m,m,m,m,m,m,m,m,libc,m
getchar_unlocked(),m,tsf,m,.,t,.,.,.,.,libc,.
getc(),m,m,m,m,m,m,m,m,m,libc,m
getcontext(),m,xsi,m,m,.,.,.,m,.,libc,.
getc_unlocked(),m,tsf,m,.,t,.,.,.,.,libc,.
getcwd(),m,m,m,m,m,.,.,m,.,libc,m
getdate_err,m,xsi,m,m,.,.,.,m,.,libc,.
getdate(),m,xsi,m,m,.,.,.,m,.,libc,.
getdomainname(),.,.,.,.,.,.,.,.,.,libc,.
getegid(),m,m,m,m,m,.,.,m,m,libc,m
getenv(),m,m,m,m,m,m,m,m,m,libc,m
geteuid(),m,m,m,m,m,.,.,m,m,libc,m
getgid(),m,m,m,m,m,.,.,m,m,libc,m
getgrent(),m,xsi,m,m,.,.,.,m,m,libc,alpha
getgrgid(),m,m,m,m,m,.,.,m,m,libc,alpha
getgrgid_r(),m,tsf,m,.,t,.,.,.,.,libc,alpha
getgrnam(),m,m,m,m,m,.,.,m,.,libc,alpha
getgrnam_r(),m,tsf,m,.,t,.,.,.,.,libc,alpha
getgroups(),m,m,m,m,m,.,.,m,m,libc,m
gethostbyaddr(),ob,ob,m,m,.,.,.,.,m,libc,m
gethostbyname(),ob,ob,m,m,.,.,.,.,m,libc,m
gethostbyname_r(),.,.,.,.,.,.,.,.,.,libc,.
gethostent(),m,m,m,m,.,.,.,.,m,.,m
gethostid(),m,xsi,m,m,.,.,.,.,m,libc,.
gethostname(),m,m,m,m,.,.,.,.,m,libc,m
getitimer(),m,xsi,m,m,.,.,.,m,m,libc,m
getloadavg(),.,.,.,.,.,.,.,.,.,libc,.
getlogin(),m,m,m,m,m,.,.,m,m,libc,m
getlogin_r(),m,tsf,m,.,t,.,.,.,.,.,m
getmsg(),o,xsr,m,m,.,.,.,m,.,.,.
getnameinfo(),m,m,.,.,.,.,.,.,.,libc,m
getnetbyaddr(),m,m,m,m,.,.,.,.,m,libc,m
getnetbyname(),m,m,m,m,.,.,.,.,m,.,m
getnetent(),m,m,m,m,.,.,.,.,m,.,m
getopt_long(),.,.,.,.,.,.,.,.,.,libc,.
getopt_long_only(),.,.,.,.,.,.,.,.,.,libc,.
getopt(),m,m,m,m,m,.,.,m,m,libc,m
__getpagesize(),.,.,.,.,.,.,.,.,.,libc,.
getpagesize(),.,.,.,.,.,.,.,.,.,libc,.
getpeername(),m,m,m,m,.,.,.,.,m,libc,m
__getpgid(),.,.,.,.,.,.,.,.,.,libc,.
getpgid(),m,xsi,m,m,.,.,.,m,.,libc,alpha
getpgrp(),m,m,m,m,m,.,.,m,m,libc,alpha
getpid(),m,m,m,m,m,.,.,m,m,libc,m
getpmsg(),o,xsr,m,m,.,.,.,m,.,.,.
getppid(),m,m,m,m,m,.,.,m,m,libc,m
getpriority(),m,xsi,m,m,.,.,.,.,m,libc,.
getprotobyname(),m,m,m,m,.,.,.,.,m,libc,m
getprotobynumber(),m,m,m,m,.,.,.,.,m,libc,m
getprotoent(),m,m,m,m,.,.,.,.,m,libc,m
getpwent(),m,xsi,m,m,.,.,.,m,m,libc,m
getpwnam(),m,m,m,m,m,.,.,m,m,libc,m
getpwnam_r(),m,tsf,m,.,t,.,.,.,.,libc,m
getpwuid(),m,m,m,m,m,.,.,m,m,libc,alpha
getpwuid_r(),m,tsf,m,.,t,.,.,.,.,libc,alpha
getrlimit64(),.,.,.,.,.,.,.,.,.,libc,.
getrlimit(),m,xsi,m,m,.,.,.,m,m,libc,.
getrusage(),m,xsi,m,m,.,.,.,.,m,libc,.
getservbyname(),m,m,m,m,.,.,.,.,m,libc,m
getservbyport(),m,m,m,m,.,.,.,.,m,libc,m
getservent(),m,m,m,m,.,.,.,.,m,libc,m
getsid(),m,xsi,m,m,.,.,.,m,.,libc,alpha
gets(),m,m,m,m,m,m,m,m,m,libc,m
getsockname(),m,m,m,m,.,.,.,.,m,libc,m
getsockopt(),m,m,m,m,.,.,.,.,m,libc,m
getsubopt(),m,xsi,m,m,.,.,.,m,.,libc,.
gettext(),.,.,.,.,.,.,.,.,.,libc,.
gettimeofday(),m,xsi,m,m,.,.,.,m,m,libc,m
getuid(),m,m,m,m,m,.,.,m,m,libc,m
getutent(),.,.,.,.,.,.,.,.,.,libc,.
getutent_r(),.,.,.,.,.,.,.,.,.,libc,.
getutxent(),m,xsi,m,m,.,.,.,.,.,libc,.
getutxid(),m,xsi,m,m,.,.,.,.,.,libc,.
getutxline(),m,xsi,m,m,.,.,.,.,.,libc,.
getwchar(),m,m,m,m,.,m,1,.,.,libc,m
getwc(),m,m,m,m,.,m,1,.,.,libc,m
getwd(),l,xsi,m,m,.,.,.,.,m,libc,.
getw(),.,.,.,.,.,.,.,.,.,libc,.
glob64(),.,.,.,.,.,.,.,.,.,libc,.
globfree64(),.,.,.,.,.,.,.,.,.,libc,.
globfree(),m,m,m,o,m,.,.,.,.,libc,.
glob(),m,m,m,o,m,.,.,.,.,libc,.
gmtime(),m,m,m,m,m,m,m,m,m,libc,m
gmtime_r(),m,tsf,m,.,t,.,.,.,.,libc,m
grantpt(),m,xsi,m,m,.,.,.,m,.,libc,.
hcreate(),m,xsi,m,m,.,.,.,m,.,libc,.
hdestroy(),m,xsi,m,m,.,.,.,m,.,libc,.
__h_errno_location(),.,.,.,.,.,.,.,.,.,libc,.
h_errno,ob,ob,.,.,.,.,.,.,.,.,m
hsearch(),m,xsi,m,m,.,.,.,m,.,libc,.
htonl(),m,m,m,m,.,.,.,.,m,libc,m
htons(),m,m,m,m,.,.,.,.,m,libc,m
hypotf(),m,m,.,.,.,m,.,.,.,libm,alpha
hypotl(),m,m,.,.,.,m,.,.,.,libm,alpha
hypot(),m,m,m,m,.,m,.,m,m,libm,m
iconv_close(),m,xsi,m,m,.,.,.,.,.,libc,m
iconv(),m,xsi,m,m,.,.,.,.,.,libc,m
iconv_open(),m,xsi,m,m,.,.,.,.,.,libc,m
if_freenameindex(),m,m,.,.,.,.,.,.,.,.,m
if_indextoname(),m,m,.,.,.,.,.,.,.,.,m
if_nameindex(),m,m,.,.,.,.,.,.,.,.,m
if_nametoindex(),m,m,.,.,.,.,.,.,.,.,m
ilogbf(),m,m,.,.,.,m,.,.,.,libm,alpha
ilogbl(),m,m,.,.,.,m,.,.,.,libm,alpha
ilogb(),m,m,m,m,.,m,.,.,.,libm,alpha
imaxabs(),m,m,.,.,.,m,.,.,.,libc,.
imaxdiv(),m,m,.,.,.,m,.,.,.,libc,.
index(),l,xsi,m,m,.,.,.,.,m,libc,m
inet_addr(),m,m,m,m,.,.,.,.,m,libc,m
inet_aton(),.,.,.,.,.,.,.,.,.,libc,.
inet_ntoa(),m,m,m,m,.,.,.,.,m,libc,m
inet_ntop(),m,m,.,.,.,.,.,.,.,libc,m
inet_pton(),m,m,.,.,.,.,.,.,.,libc,m
initgroups(),.,.,.,.,.,.,.,.,.,libc,.
initstate(),m,xsi,m,m,.,.,.,.,m,libc,m
insque(),m,xsi,m,m,.,.,.,.,m,libc,.
ioctl(),o,xsr,m,m,.,.,.,m,m,libc,m
_IO_feof(),.,.,.,.,.,.,.,.,.,libc,.
_IO_getc(),.,.,.,.,.,.,.,.,.,libc,.
_IO_putc(),.,.,.,.,.,.,.,.,.,libc,.
_IO_puts(),.,.,.,.,.,.,.,.,.,libc,.
isalnum(),m,m,m,m,m,m,m,m,m,libc,m
isalpha(),m,m,m,m,m,m,m,m,m,libc,m
isascii(),m,xsi,m,m,.,.,.,m,m,libc,m
isastream(),o,xsr,m,m,.,.,.,m,.,.,.
isatty(),m,m,m,m,m,.,.,m,m,libc,m
isblank(),m,m,.,.,.,m,.,.,.,libc,.
iscntrl(),m,m,m,m,m,m,m,m,m,libc,m
isdigit(),m,m,m,m,m,m,m,m,m,libc,m
isfinite(),m,m,.,.,.,m,.,.,.,.,.
isgraph(),m,m,m,m,m,m,m,m,m,libc,m
isgreaterequal(),m,m,.,.,.,m,.,.,.,.,.
isgreater(),m,m,.,.,.,m,.,.,.,.,.
__isinff(),.,.,.,.,.,.,.,.,.,libc,.
isinff(),.,.,.,.,.,.,.,.,.,libc,.
__isinf(),.,.,.,.,.,.,.,.,.,libc,.
__isinfl(),.,.,.,.,.,.,.,.,.,libc,.
isinfl(),.,.,.,.,.,.,.,.,.,libc,.
isinf(),m,m,.,.,.,m,.,.,.,libc,.
islessequal(),m,m,.,.,.,m,.,.,.,.,.
islessgreater(),m,m,.,.,.,m,.,.,.,.,.
isless(),m,m,.,.,.,m,.,.,.,.,.
islower(),m,m,m,m,m,m,m,m,m,libc,m
__isnanf(),.,.,.,.,.,.,.,.,.,libc,.
isnanf(),.,.,.,.,.,.,.,.,.,libc,.
__isnan(),.,.,.,.,.,.,.,.,.,libc,.
__isnanl(),.,.,.,.,.,.,.,.,.,libc,.
isnanl(),.,.,.,.,.,.,.,.,.,libc,.
isnan(),m,m,m,m,.,.,.,m,.,libc,alpha
isnormal(),m,m,.,.,.,m,.,.,.,.,m
isprint(),m,m,m,m,m,m,m,m,m,libc,m
ispunct(),m,m,m,m,m,m,m,m,m,libc,m
isspace(),m,m,m,m,m,m,m,m,m,libc,m
isunordered(),m,m,.,.,.,m,.,.,.,.,.
isupper(),m,m,m,m,m,m,m,m,m,libc,m
iswalnum(),m,m,m,m,.,m,1,.,.,libc,m
iswalpha(),m,m,m,m,.,m,1,.,.,libc,m
iswblank(),m,m,.,.,.,m,.,.,.,libc,.
iswcntrl(),m,m,m,m,.,m,1,.,.,libc,m
iswctype(),m,m,m,m,.,m,1,.,.,libc,m
iswdigit(),m,m,m,m,.,m,1,.,.,libc,m
iswgraph(),m,m,m,m,.,m,1,.,.,libc,m
iswlower(),m,m,m,m,.,m,1,.,.,libc,m
iswprint(),m,m,m,m,.,m,1,.,.,libc,m
iswpunct(),m,m,m,m,.,m,1,.,.,libc,m
iswspace(),m,m,m,m,.,m,1,.,.,libc,m
iswupper(),m,m,m,m,.,m,1,.,.,libc,m
iswxdigit(),m,m,m,m,.,m,1,.,.,libc,m
isxdigit(),m,m,m,m,m,m,m,m,m,libc,m
j0f(),.,.,.,.,.,.,.,.,.,libm,.
j0l(),.,.,.,.,.,.,.,.,.,libm,.
j0(),m,xsi,m,m,.,.,.,m,m,libm,alpha
j1f(),.,.,.,.,.,.,.,.,.,libm,.
j1l(),.,.,.,.,.,.,.,.,.,libm,.
j1(),m,xsi,m,m,.,.,.,m,m,libm,alpha
jnf(),.,.,.,.,.,.,.,.,.,libm,.
jnl(),.,.,.,.,.,.,.,.,.,libm,.
jn(),m,xsi,m,m,.,.,.,m,m,libm,alpha
jrand48(),m,xsi,m,m,.,.,.,m,.,libc,m
key_decryptsession(),.,.,.,.,.,.,.,.,.,libc,.
kill(),m,m,m,m,m,.,.,m,m,libc,m
killpg(),m,xsi,m,m,.,.,.,.,m,libc,.
l64a(),m,xsi,m,m,.,.,.,m,.,libc,alpha
labs(),m,m,m,m,.,m,m,m,.,libc,m
lchown(),m,xsi,m,m,.,.,.,m,.,libc,.
lcong48(),m,xsi,m,m,.,.,.,m,.,libc,m
ldexpf(),m,m,.,.,.,m,.,.,.,libm,alpha
ldexpl(),m,m,.,.,.,m,.,.,.,libm,alpha
ldexp(),m,m,m,m,m,m,m,m,m,libm,m
ldiv(),m,m,m,m,.,m,m,m,.,libc,m
lfind(),m,xsi,m,m,.,.,.,m,.,libc,.
lgammaf(),m,m,.,.,.,m,.,.,.,libm,alpha
lgammaf_r(),.,.,.,.,.,.,.,.,.,libm,.
lgammal(),m,m,.,.,.,m,.,.,.,libm,alpha
lgammal_r(),.,.,.,.,.,.,.,.,.,libm,.
lgamma(),m,m,m,m,.,m,.,m,m,libm,alpha
lgamma_r(),.,.,.,.,.,.,.,.,.,libm,.
__libc_current_sigrtmax(),.,.,.,.,.,.,.,.,.,libc,.
__libc_current_sigrtmin(),.,.,.,.,.,.,.,.,.,libc,.
__libc_start_main(),.,.,.,.,.,.,.,.,.,libc,.
link(),m,m,m,m,m,.,.,m,m,libc,m
lio_listio(),o,aio,o,.,r,.,.,.,.,.,.
listen(),m,m,m,m,.,.,.,.,m,libc,.
llabs(),m,m,.,.,.,m,.,.,.,libc,.
lldiv(),m,m,.,.,.,m,.,.,.,libc,.
llrintf(),m,m,.,.,.,m,.,.,.,libm,.
llrintl(),m,m,.,.,.,m,.,.,.,libm,.
llrint(),m,m,.,.,.,m,.,.,.,libm,.
llroundf(),m,m,.,.,.,m,.,.,.,libm,.
llroundl(),m,m,.,.,.,m,.,.,.,libm,.
llround(),m,m,.,.,.,m,.,.,.,libm,.
loc1,.,.,.,.,.,.,.,.,.,libc,.
loc2,.,.,.,.,.,.,.,.,.,libc,.
localeconv(),m,m,m,m,.,m,m,m,.,libc,m
localtime(),m,m,m,m,m,m,m,m,m,libc,m
localtime_r(),m,tsf,m,.,t,.,.,.,.,libc,m
lockf64(),.,.,.,.,.,.,.,.,.,libc,.
lockf(),m,xsi,m,m,.,.,.,m,.,libc,.
locs,.,.,.,.,.,.,.,.,.,libc,.
log10f(),m,m,.,.,.,m,.,.,.,libm,alpha
log10l(),m,m,.,.,.,m,.,.,.,libm,alpha
log10(),m,m,m,m,m,m,m,m,m,libm,m
log1pf(),m,m,.,.,.,m,.,.,.,.,alpha
log1pl(),m,m,.,.,.,m,.,.,.,.,alpha
log1p(),m,m,m,m,.,m,.,.,m,libm,alpha
log2f(),m,m,.,.,.,m,.,.,.,.,alpha
log2l(),m,m,.,.,.,m,.,.,.,.,alpha
log2(),m,m,.,.,.,m,.,.,.,.,alpha
logbf(),m,m,.,.,.,m,.,.,.,.,alpha
logbl(),m,m,.,.,.,m,.,.,.,.,alpha
logb(),m,m,m,m,.,m,.,m,m,libm,alpha
logf(),m,m,.,.,.,m,.,.,.,libm,alpha
logl(),m,m,.,.,.,m,.,.,.,libm,alpha
log(),m,m,m,m,m,m,m,m,m,libm,m
longjmp(),m,m,m,m,m,m,m,m,m,libc,m
_longjmp(),m,xsi,m,m,.,.,.,.,m,libc,.
lrand48(),m,xsi,m,m,.,.,.,m,.,libc,m
lrintf(),m,m,.,.,.,m,.,.,.,libm,.
lrintl(),m,m,.,.,.,m,.,.,.,libm,.
lrint(),m,m,.,.,.,m,.,.,.,libm,.
lroundf(),m,m,.,.,.,m,.,.,.,libm,.
lroundl(),m,m,.,.,.,m,.,.,.,libm,.
lround(),m,m,.,.,.,m,.,.,.,libm,.
lsearch(),m,xsi,m,m,.,.,.,m,.,libc,.
lseek64(),.,.,.,.,.,.,.,.,.,libc,.
lseek(),m,m,m,m,m,.,.,m,m,libc,m
lstat(),m,m,m,m,.,.,.,m,m,.,.
__lxstat64(),.,.,.,.,.,.,.,.,.,libc,.
__lxstat(),.,.,.,.,.,.,.,.,.,libc,.
makecontext(),m,xsi,m,m,.,.,.,.,.,libc,.
malloc(),m,m,m,m,m,m,m,m,m,libc,m
matherr(),.,.,.,.,.,.,.,.,.,libm,.
mblen(),m,m,m,m,.,m,m,m,.,libc,m
mbrlen(),m,m,m,.,.,m,1,.,.,libc,m
mbrtowc(),m,m,m,.,.,m,1,.,.,libc,m
mbsinit(),m,m,m,.,.,m,1,.,.,libc,m
mbsnrtowcs(),.,.,.,.,.,.,.,.,.,libc,.
mbsrtowcs(),m,m,m,.,.,m,1,.,.,libc,m
mbstowcs(),m,m,m,m,.,m,m,m,.,libc,m
mbtowc(),m,m,m,m,.,m,m,m,.,libc,m
memccpy(),m,xsi,m,m,.,.,.,m,.,libc,m
memchr(),m,m,m,m,.,m,m,m,.,libc,m
memcmp(),m,m,m,m,.,m,m,m,.,libc,m
memcpy(),m,m,m,m,.,m,m,m,.,libc,m
memmem(),.,.,.,.,.,.,.,.,.,libc,.
memmove(),m,m,m,m,.,m,m,m,.,libc,m
__mempcpy(),.,.,.,.,.,.,.,.,.,libc,.
memrchr(),.,.,.,.,.,.,.,.,.,libc,.
memset(),m,m,m,m,.,m,m,m,.,libc,m
mkdir(),m,m,m,m,m,.,.,m,m,libc,m
mkfifo(),m,m,m,m,m,.,.,m,.,libc,.
mknod(),m,xsi,m,m,.,.,.,m,m,.,.
mkstemp64(),.,.,.,.,.,.,.,.,.,libc,.
mkstemp(),m,xsi,m,m,.,.,.,.,m,libc,m
mktemp(),l,xsi,m,m,.,.,.,m,m,libc,m
mktime(),m,m,m,m,m,m,m,m,.,libc,m
mlockall(),o,ml,o,.,r,.,.,.,.,libc,.
mlock(),o,mr,o,.,r,.,.,.,.,libc,.
mmap64(),.,.,.,.,.,.,.,.,.,libc,.
mmap(),m,mf|shm|tym,m,m,.,.,.,m,.,libc,m
modff(),m,m,.,.,.,m,.,.,.,libm,alpha
modfl(),m,m,.,.,.,m,.,.,.,libm,alpha
modf(),m,m,m,m,m,m,m,m,m,libm,m
mprotect(),m,mpr,m,m,.,.,.,m,.,libc,m
mq_close(),o,msg,o,.,r,.,.,.,.,.,.
mq_getattr(),o,msg,o,.,r,.,.,.,.,.,.
mq_notify(),o,msg,o,.,r,.,.,.,.,.,.
mq_open(),o,msg,o,.,r,.,.,.,.,.,.
mq_receive(),o,msg,o,.,r,.,.,.,.,.,.
mq_send(),o,msg,o,.,r,.,.,.,.,.,.
mq_setattr(),o,msg,o,.,r,.,.,.,.,.,.
mq_timedreceive(),o,msg,.,.,.,.,.,.,.,.,.
mq_timedsend(),o,msg,.,.,.,.,.,.,.,.,.
mq_unlink(),o,msg,o,.,r,.,.,.,.,.,.
mrand48(),m,xsi,m,m,.,.,.,m,.,libc,m
msgctl(),m,xsi,m,m,.,.,.,m,.,libc,.
msgget(),m,xsi,m,m,.,.,.,m,.,libc,.
msgrcv(),m,xsi,m,m,.,.,.,m,.,libc,.
msgsnd(),m,xsi,m,m,.,.,.,m,.,libc,.
msync(),m,mf sio,m,m,.,.,.,m,.,libc,m
munlockall(),o,ml,o,.,r,.,.,.,.,libc,.
munlock(),o,mr,o,.,r,.,.,.,.,libc,.
munmap(),m,mf|shm|tym,m,m,.,.,.,m,.,libc,m
nanf(),m,m,.,.,.,m,.,.,.,libm,.
nanl(),m,m,.,.,.,m,.,.,.,libm,.
nan(),m,m,.,.,.,m,.,.,.,libm,.
nanosleep(),o,tmr,o,.,r,.,.,.,.,libc,alpha
nearbyintf(),m,m,.,.,.,m,.,.,.,libm,.
nearbyintl(),m,m,.,.,.,m,.,.,.,libm,.
nearbyint(),m,m,.,.,.,m,.,.,.,libm,.
nextafterf(),m,m,.,.,.,m,.,.,.,libm,alpha
nextafterl(),m,m,.,.,.,m,.,.,.,libm,alpha
nextafter(),m,m,m,m,.,m,.,m,.,libm,alpha
nexttowardf(),m,m,.,.,.,m,.,.,.,libm,.
nexttowardl(),m,m,.,.,.,m,.,.,.,libm,.
nexttoward(),m,m,.,.,.,m,.,.,.,libm,.
nftw64(),.,.,.,.,.,.,.,.,.,libc,.
nftw(),m,xsi,m,m,.,.,.,m,.,libc,.
ngettext(),.,.,.,.,.,.,.,.,.,libc,.
nice(),m,xsi,m,m,.,.,.,m,m,libc,m
nl_langinfo(),m,xsi,m,m,.,.,.,m,.,libc,m
_nl_msg_cat_cntr,.,.,.,.,.,.,.,.,.,libc,.
nrand48(),m,xsi,m,m,.,.,.,m,.,libc,m
ntohl(),m,m,m,m,.,.,.,.,m,libc,.
ntohs(),m,m,m,m,.,.,.,.,m,libc,.
_obstack_begin(),.,.,.,.,.,.,.,.,.,libc,.
obstack_free(),.,.,.,.,.,.,.,.,.,libc,.
_obstack_newchunk(),.,.,.,.,.,.,.,.,.,libc,.
open64(),.,.,.,.,.,.,.,.,.,libc,.
opendir(),m,m,m,m,m,.,.,m,m,libc,m
openlog(),m,xsi,m,m,.,.,.,.,m,libc,.
open(),m,m,m,m,m,.,.,m,m,libc,m
optarg,m,m,m,m,m,.,.,m,m,libc,.
opterr,m,m,m,m,m,.,.,m,m,libc,.
optind,m,m,m,m,m,.,.,m,m,libc,.
optopt,m,m,m,m,m,.,.,m,m,libc,.
pam_acct_mgmt(),.,.,.,.,.,.,.,.,.,libpam,.
pam_authenticate(),.,.,.,.,.,.,.,.,.,libpam,.
pam_chauthtok(),.,.,.,.,.,.,.,.,.,libpam,.
pam_close_session(),.,.,.,.,.,.,.,.,.,libpam,.
pam_end(),.,.,.,.,.,.,.,.,.,libpam,.
pam_fail_delay(),.,.,.,.,.,.,.,.,.,libpam,.
pam_getenvlist(),.,.,.,.,.,.,.,.,.,libpam,.
pam_get_item(),.,.,.,.,.,.,.,.,.,libpam,.
pam_open_session(),.,.,.,.,.,.,.,.,.,libpam,.
pam_setcred(),.,.,.,.,.,.,.,.,.,libpam,.
pam_set_item(),.,.,.,.,.,.,.,.,.,libpam,.
pam_start(),.,.,.,.,.,.,.,.,.,libpam,.
pam_strerror(),.,.,.,.,.,.,.,.,.,libpam,.
pathconf(),m,m,m,m,m,.,.,m,.,libc,m
pause(),m,m,m,m,m,.,.,m,m,libc,m
pclose(),m,m,m,m,m,.,.,m,m,libc,m
perror(),m,m,m,m,m,m,m,m,m,libc,m
pipe(),m,m,m,m,m,.,.,m,m,libc,m
poll(),m,xsi,m,m,.,.,.,m,.,libc,m
popen(),m,m,m,m,m,.,.,m,m,libc,m
posix_fadvise(),o,adv,.,.,.,.,.,.,.,.,.
posix_fallocate(),o,adv,.,.,.,.,.,.,.,.,.
posix_madvise(),o,adv,.,.,.,.,.,.,.,.,.
posix_memalign(),o,adv,.,.,.,.,.,.,.,libc,.
posix_mem_offset(),o,tym,.,.,.,.,.,.,.,.,.
posix_openpt(),m,xsi,.,.,.,.,.,.,.,.,.
posix_spawnattr_destroy(),o,spn,.,.,.,.,.,.,.,.,.
posix_spawnattr_getflags(),o,spn,.,.,.,.,.,.,.,.,.
posix_spawnattr_getpgroup(),o,spn,.,.,.,.,.,.,.,.,.
posix_spawnattr_getschedparam(),o,spn ps,.,.,.,.,.,.,.,.,.
posix_spawnattr_getschedpolicy(),o,spn ps,.,.,.,.,.,.,.,.,.
posix_spawnattr_getsigdefault(),o,spn,.,.,.,.,.,.,.,.,.
posix_spawnattr_getsigmask(),o,spn,.,.,.,.,.,.,.,.,.
posix_spawnattr_init(),o,spn,.,.,.,.,.,.,.,.,.
posix_spawnattr_setflags(),o,spn,.,.,.,.,.,.,.,.,.
posix_spawnattr_setpgroup(),o,spn,.,.,.,.,.,.,.,.,.
posix_spawnattr_setschedparam(),o,spn ps,.,.,.,.,.,.,.,.,.
posix_spawnattr_setschedpolicy(),o,spn ps,.,.,.,.,.,.,.,.,.
posix_spawnattr_setsigdefault(),o,spn,.,.,.,.,.,.,.,.,.
posix_spawnattr_setsigmask(),o,spn,.,.,.,.,.,.,.,.,.
posix_spawn_file_actions_addclose(),o,spn,.,.,.,.,.,.,.,.,.
posix_spawn_file_actions_adddup2(),o,spn,.,.,.,.,.,.,.,.,.
posix_spawn_file_actions_addopen(),o,spn,.,.,.,.,.,.,.,.,.
posix_spawn_file_actions_destroy(),o,spn,.,.,.,.,.,.,.,.,.
posix_spawn_file_actions_init(),o,spn,.,.,.,.,.,.,.,.,.
posix_spawn(),o,spn,.,.,.,.,.,.,.,.,.
posix_spawnp(),o,spn,.,.,.,.,.,.,.,.,.
posix_trace_attr_destroy(),o,trc,.,.,.,.,.,.,.,.,.
posix_trace_attr_getclockres(),o,trc,.,.,.,.,.,.,.,.,.
posix_trace_attr_getcreatetime(),o,trc,.,.,.,.,.,.,.,.,.
posix_trace_attr_getgenversion(),o,trc,.,.,.,.,.,.,.,.,.
posix_trace_attr_getinherited(),o,trc tri,.,.,.,.,.,.,.,.,.
posix_trace_attr_getlogfullpolicy(),o,trc trl,.,.,.,.,.,.,.,.,.
posix_trace_attr_getlogsize(),o,trc trl,.,.,.,.,.,.,.,.,.
posix_trace_attr_getmaxdatasize(),o,trc,.,.,.,.,.,.,.,.,.
posix_trace_attr_getmaxsystemeventsize(),o,trc,.,.,.,.,.,.,.,.,.
posix_trace_attr_getmaxusereventsize(),o,trc,.,.,.,.,.,.,.,.,.
posix_trace_attr_getname(),o,trc,.,.,.,.,.,.,.,.,.
posix_trace_attr_getstreamfullpolicy(),o,trc,.,.,.,.,.,.,.,.,.
posix_trace_attr_getstreamsize(),o,trc,.,.,.,.,.,.,.,.,.
posix_trace_attr_init(),o,trc,.,.,.,.,.,.,.,.,.
posix_trace_attr_setinherited(),o,trc tri,.,.,.,.,.,.,.,.,.
posix_trace_attr_setlogfullpolicy(),o,trc trl,.,.,.,.,.,.,.,.,.
posix_trace_attr_setlogsize(),o,trc trl,.,.,.,.,.,.,.,.,.
posix_trace_attr_setmaxdatasize(),o,trc,.,.,.,.,.,.,.,.,.
posix_trace_attr_setname(),o,trc,.,.,.,.,.,.,.,.,.
posix_trace_attr_setstreamfullpolicy(),o,trc,.,.,.,.,.,.,.,.,.
posix_trace_attr_setstreamsize(),o,trc,.,.,.,.,.,.,.,.,.
posix_trace_clear(),o,trc,.,.,.,.,.,.,.,.,.
posix_trace_close(),o,trc trl,.,.,.,.,.,.,.,.,.
posix_trace_create(),o,trc,.,.,.,.,.,.,.,.,.
posix_trace_create_withlog(),o,trc trl,.,.,.,.,.,.,.,.,.
posix_trace_eventid_equal(),o,trc,.,.,.,.,.,.,.,.,.
posix_trace_eventid_get_name(),o,trc,.,.,.,.,.,.,.,.,.
posix_trace_eventid_open(),o,trc,.,.,.,.,.,.,.,.,.
posix_trace_event(),o,trc,.,.,.,.,.,.,.,.,.
posix_trace_eventset_add(),o,trc tef,.,.,.,.,.,.,.,.,.
posix_trace_eventset_del(),o,trc tef,.,.,.,.,.,.,.,.,.
posix_trace_eventset_empty(),o,trc tef,.,.,.,.,.,.,.,.,.
posix_trace_eventset_fill(),o,trc tef,.,.,.,.,.,.,.,.,.
posix_trace_eventset_ismember(),o,trc tef,.,.,.,.,.,.,.,.,.
posix_trace_eventtypelist_getnext_id(),o,trc,.,.,.,.,.,.,.,.,.
posix_trace_eventtypelist_rewind(),o,trc,.,.,.,.,.,.,.,.,.
posix_trace_flush(),o,trc trl,.,.,.,.,.,.,.,.,.
posix_trace_get_attr(),o,trc,.,.,.,.,.,.,.,.,.
posix_trace_get_filter(),o,trc tef,.,.,.,.,.,.,.,.,.
posix_trace_getnext_event(),o,trc,.,.,.,.,.,.,.,.,.
posix_trace_get_status(),o,trc,.,.,.,.,.,.,.,.,.
posix_trace_open(),o,trc trl,.,.,.,.,.,.,.,.,.
posix_trace_rewind(),o,trc trl,.,.,.,.,.,.,.,.,.
posix_trace_set_filter(),o,trc tef,.,.,.,.,.,.,.,.,.
posix_trace_shutdown(),o,trc,.,.,.,.,.,.,.,.,.
posix_trace_start(),o,trc,.,.,.,.,.,.,.,.,.
posix_trace_stop(),o,trc,.,.,.,.,.,.,.,.,.
posix_trace_timedgetnext_event(),o,trc tmo,.,.,.,.,.,.,.,.,.
posix_trace_trid_eventid_open(),o,trc tef,.,.,.,.,.,.,.,.,.
posix_trace_trygetnext_event(),o,trc,.,.,.,.,.,.,.,.,.
posix_typed_mem_get_info(),o,tym,.,.,.,.,.,.,.,.,.
posix_typed_mem_open(),o,tym,.,.,.,.,.,.,.,.,.
pow10f(),.,.,.,.,.,.,.,.,.,libm,.
pow10(),.,.,.,.,.,.,.,.,.,libm,.
pow10l(),.,.,.,.,.,.,.,.,.,libm,.
powf(),m,m,.,.,.,m,.,.,.,libm,alpha
powl(),m,m,.,.,.,m,.,.,.,libm,alpha
pow(),m,m,m,m,m,m,m,m,m,libm,m
pread64(),.,.,.,.,.,.,.,.,.,libc,.
pread(),m,xsi,m,.,.,.,.,.,.,libc,alpha
printf(),m,m,m,m,m,m,m,m,m,libc,m
pselect(),m,m,.,.,.,.,.,.,.,.,.
psignal(),.,.,.,.,.,.,.,.,.,libc,.
pthread_atfork(),m,thr,m,.,t,.,.,.,.,.,.
pthread_attr_destroy(),m,thr,m,.,t,.,.,.,.,libpthread,m
pthread_attr_getdetachstate(),m,thr,m,.,t,.,.,.,.,libpthread,m
pthread_attr_getguardsize(),m,xsi,m,.,.,.,.,.,.,libpthread,m
pthread_attr_getinheritsched(),o,thr tps,o,.,t,.,.,.,.,libpthread,m
pthread_attr_getschedparam(),m,thr,m,.,t,.,.,.,.,libpthread,m
pthread_attr_getschedpolicy(),o,thr tps,o,.,t,.,.,.,.,libpthread,m
pthread_attr_getscope(),o,thr tps,o,.,t,.,.,.,.,libpthread,m
pthread_attr_getstackaddr(),m,thr tsa,m,.,t,.,.,.,.,libpthread,m
pthread_attr_getstack(),m,thr tsa tss,.,.,.,.,.,.,.,.,.
pthread_attr_getstacksize(),m,thr tss,m,.,t,.,.,.,.,libpthread,m
pthread_attr_init(),m,thr,m,.,t,.,.,.,.,libpthread,m
pthread_attr_setdetachstate(),m,thr,m,.,t,.,.,.,.,libpthread,m
pthread_attr_setguardsize(),m,xsi,m,.,.,.,.,.,.,libpthread,m
pthread_attr_setinheritsched(),o,thr tps,o,.,t,.,.,.,.,libpthread,m
pthread_attr_setschedparam(),m,thr,m,.,t,.,.,.,.,libpthread,m
pthread_attr_setschedpolicy(),o,thr tps,o,.,t,.,.,.,.,libpthread,m
pthread_attr_setscope(),o,thr tps,o,.,t,.,.,.,.,libpthread,m
pthread_attr_setstackaddr(),m,thr tsa,m,.,t,.,.,.,.,libpthread,m
pthread_attr_setstack(),m,thr tsa tss,.,.,.,.,.,.,.,.,.
pthread_attr_setstacksize(),m,thr tss,m,.,t,.,.,.,.,libpthread,m
pthread_barrierattr_destroy(),o,thr bar,.,.,.,.,.,.,.,.,.
pthread_barrierattr_getpshared(),o,thr bar tsh,.,.,.,.,.,.,.,.,.
pthread_barrierattr_init(),o,thr bar,.,.,.,.,.,.,.,.,.
pthread_barrierattr_setpshared(),o,thr bar tsh,.,.,.,.,.,.,.,.,.
pthread_barrier_destroy(),o,thr bar,.,.,.,.,.,.,.,.,.
pthread_barrier_init(),o,thr bar,.,.,.,.,.,.,.,.,.
pthread_barrier_wait(),o,thr bar,.,.,.,.,.,.,.,.,.
pthread_cancel(),m,thr,m,.,t,.,.,.,.,libpthread,m
pthread_cleanup_pop(),m,thr,m,.,t,.,.,.,.,.,m
pthread_cleanup_push(),m,thr,m,.,t,.,.,.,.,.,m
pthread_condattr_destroy(),m,thr,m,.,t,.,.,.,.,libpthread,m
pthread_condattr_getclock(),o,thr cs,.,.,.,.,.,.,.,.,.
pthread_condattr_getpshared(),m,thr tsh,m,.,t,.,.,.,.,.,.
pthread_condattr_init(),m,thr,m,.,t,.,.,.,.,libpthread,m
pthread_condattr_setclock(),o,thr cs,.,.,.,.,.,.,.,.,.
pthread_condattr_setpshared(),m,thr tsh,m,.,t,.,.,.,.,.,.
pthread_cond_broadcast(),m,thr,m,.,t,.,.,.,.,libpthread,m
pthread_cond_destroy(),m,thr,m,.,t,.,.,.,.,libpthread,m
pthread_cond_init(),m,thr,m,.,t,.,.,.,.,libpthread,m
pthread_cond_signal(),m,thr,m,.,t,.,.,.,.,libpthread,m
pthread_cond_timedwait(),m,thr,m,.,t,.,.,.,.,libpthread,m
pthread_cond_wait(),m,thr,m,.,t,.,.,.,.,libpthread,m
pthread_create(),m,thr,m,.,t,.,.,.,.,libpthread,m
pthread_detach(),m,thr,m,.,t,.,.,.,.,libpthread,m
pthread_equal(),m,thr,m,.,t,.,.,.,.,libpthread,m
pthread_exit(),m,thr,m,.,t,.,.,.,.,libpthread,m
pthread_getconcurrency(),m,xsi,m,.,.,.,.,.,.,.,m
pthread_getcpuclockid(),o,thr tct,.,.,.,.,.,.,.,.,.
pthread_getschedparam(),o,thr tps,o,.,t,.,.,.,.,libpthread,m
pthread_getspecific(),m,thr,m,.,t,.,.,.,.,libpthread,m
pthread_join(),m,thr,m,.,t,.,.,.,.,libpthread,m
pthread_key_create(),m,thr,m,.,t,.,.,.,.,libpthread,m
pthread_key_delete(),m,thr,m,.,t,.,.,.,.,libpthread,m
pthread_kill(),m,thr,m,.,t,.,.,.,.,libpthread,.
pthread_mutexattr_destroy(),m,thr,m,.,t,.,.,.,.,libpthread,m
pthread_mutexattr_getprioceiling(),o,thr tpp,o,.,t,.,.,.,.,.,.
pthread_mutexattr_getprotocol(),o,thr tpp|tpi,o,.,t,.,.,.,.,.,.
pthread_mutexattr_getpshared(),m,thr tsh,m,.,t,.,.,.,.,libpthread,.
pthread_mutexattr_gettype(),m,xsi,m,.,.,.,.,.,.,libpthread,m
pthread_mutexattr_init(),m,thr,m,.,t,.,.,.,.,libpthread,m
pthread_mutexattr_setprioceiling(),o,thr tpp,o,.,t,.,.,.,.,.,.
pthread_mutexattr_setprotocol(),o,thr tpp|tpi,o,.,t,.,.,.,.,.,.
pthread_mutexattr_setpshared(),m,thr tsh,m,.,t,.,.,.,.,libpthread,.
pthread_mutexattr_settype(),m,xsi,m,.,.,.,.,.,.,libpthread,m
pthread_mutex_destroy(),m,thr,m,.,t,.,.,.,.,libpthread,m
pthread_mutex_getprioceiling(),o,thr tpp,o,.,t,.,.,.,.,.,.
pthread_mutex_init(),m,thr,m,.,t,.,.,.,.,libpthread,m
pthread_mutex_lock(),m,thr,m,.,t,.,.,.,.,libpthread,m
pthread_mutex_setprioceiling(),o,thr tpp,o,.,t,.,.,.,.,.,.
pthread_mutex_timedlock(),o,thr tmo,.,.,.,.,.,.,.,.,.
pthread_mutex_trylock(),m,thr,m,.,t,.,.,.,.,libpthread,m
pthread_mutex_unlock(),m,thr,m,.,t,.,.,.,.,libpthread,m
pthread_once(),m,thr,m,.,t,.,.,.,.,libpthread,m
pthread_rwlockattr_destroy(),m,thr,m,.,.,.,.,.,.,libpthread,m
pthread_rwlockattr_getpshared(),m,thr tsh,m,.,.,.,.,.,.,libpthread,.
pthread_rwlockattr_init(),m,thr,m,.,.,.,.,.,.,libpthread,m
pthread_rwlockattr_setpshared(),m,thr tsh,m,.,.,.,.,.,.,libpthread,.
pthread_rwlock_destroy(),m,thr,m,.,.,.,.,.,.,libpthread,m
pthread_rwlock_init(),m,thr,m,.,.,.,.,.,.,libpthread,m
pthread_rwlock_rdlock(),m,thr,m,.,.,.,.,.,.,libpthread,m
pthread_rwlock_timedrdlock(),o,thr tmo,.,.,.,.,.,.,.,libpthread,.
pthread_rwlock_timedwrlock(),o,thr tmo,.,.,.,.,.,.,.,libpthread,.
pthread_rwlock_tryrdlock(),m,thr,m,.,.,.,.,.,.,libpthread,m
pthread_rwlock_trywrlock(),m,thr,m,.,.,.,.,.,.,libpthread,m
pthread_rwlock_unlock(),m,thr,m,.,.,.,.,.,.,libpthread,m
pthread_rwlock_wrlock(),m,thr,m,.,.,.,.,.,.,libpthread,m
pthread_self(),m,thr,m,.,t,.,.,.,.,libpthread,m
pthread_setcancelstate(),m,thr,m,.,t,.,.,.,.,libpthread,m
pthread_setcanceltype(),m,thr,m,.,t,.,.,.,.,libpthread,m
pthread_setconcurrency(),m,xsi,m,.,.,.,.,.,.,libpthread,m
pthread_setschedparam(),o,thr tps,o,.,t,.,.,.,.,libpthread,m
pthread_setschedprio(),o,thr tps,.,.,.,.,.,.,.,.,.
pthread_setspecific(),m,thr,m,.,t,.,.,.,.,libpthread,m
pthread_sigmask(),m,thr,m,.,t,.,.,.,.,libpthread,.
pthread_spin_destroy(),o,thr spi,.,.,.,.,.,.,.,.,.
pthread_spin_init(),o,thr spi,.,.,.,.,.,.,.,.,.
pthread_spin_lock(),o,thr spi,.,.,.,.,.,.,.,.,.
pthread_spin_trylock(),o,thr spi,.,.,.,.,.,.,.,.,.
pthread_spin_unlock(),o,thr spi,.,.,.,.,.,.,.,.,.
pthread_testcancel(),m,thr,m,.,t,.,.,.,.,libpthread,m
ptsname(),m,xsi,m,m,.,.,.,m,.,libc,.
putchar(),m,m,m,m,m,m,m,m,m,libc,m
putchar_unlocked(),m,tsf,m,.,t,.,.,.,.,libc,.
putc(),m,m,m,m,m,m,m,m,m,libc,m
putc_unlocked(),m,tsf,m,.,t,.,.,.,.,libc,.
putenv(),m,xsi,m,m,.,.,.,m,.,libc,m
putmsg(),o,xsr,m,m,.,.,.,m,.,.,.
putpmsg(),o,xsr,m,m,.,.,.,m,.,.,.
puts(),m,m,m,m,m,m,m,m,m,libc,m
pututxline(),m,xsi,m,m,.,.,.,.,.,libc,.
putwchar(),m,m,m,m,.,m,1,.,.,libc,m
putwc(),m,m,m,m,.,m,1,.,.,libc,m
putw(),.,.,.,.,.,.,.,.,.,libc,.
pwrite64(),.,.,.,.,.,.,.,.,.,libc,.
pwrite(),m,xsi,m,.,.,.,.,.,.,libc,alpha
qsort(),m,m,m,m,m,m,m,m,m,libc,m
raise(),m,m,m,m,.,m,m,m,.,libc,m
rand(),m,m,m,m,m,m,m,m,m,libc,m
random(),m,xsi,m,m,.,.,.,.,m,libc,m
random_r(),.,.,.,.,.,.,.,.,.,libc,.
rand_r(),m,tsf,m,.,t,.,.,.,.,libc,m
__rawmemchr(),.,.,.,.,.,.,.,.,.,libc,.
readdir64(),.,.,.,.,.,.,.,.,.,libc,.
readdir(),m,m,m,m,m,.,.,m,m,libc,m
readdir_r(),m,tsf,m,.,t,.,.,.,.,libc,m
readlink(),m,m,m,m,.,.,.,m,m,libc,.
read(),m,xsi,m,m,m,.,.,m,m,libc,m
readv(),m,xsi,m,m,.,.,.,m,m,libc,alpha
realloc(),m,m,m,m,m,m,m,m,m,libc,m
realpath(),m,xsi,m,m,.,.,.,.,.,libc,.
re_comp(),.,.,.,.,.,.,.,.,.,libc,.
recvfrom(),m,m,m,m,.,.,.,.,m,libc,.
recv(),m,m,m,m,.,.,.,.,m,libc,.
recvmsg(),m,m,m,m,.,.,.,.,m,libc,.
re_exec(),.,.,.,.,.,.,.,.,.,libc,.
regcomp(),m,m,m,o,m,.,.,.,.,libc,.
regerror(),m,m,m,o,m,.,.,.,.,libc,.
regexec(),m,m,m,o,m,.,.,.,.,libc,.
regfree(),m,m,m,o,m,.,.,.,.,libc,.
remainderf(),m,m,.,.,.,m,.,.,.,libm,.
remainderl(),m,m,.,.,.,m,.,.,.,libm,.
remainder(),m,m,m,m,.,m,.,m,.,libm,.
remove(),m,m,m,m,m,m,m,m,.,libc,m
remque(),m,xsi,m,m,.,.,.,.,m,libc,.
remquof(),m,m,.,.,.,m,.,.,.,libm,.
remquol(),m,m,.,.,.,m,.,.,.,libm,.
remquo(),m,m,.,.,.,m,.,.,.,libm,.
rename(),m,m,m,m,m,m,m,m,m,libc,m
rewinddir(),m,m,m,m,m,.,.,m,m,libc,m
rewind(),m,m,m,m,m,m,m,m,m,libc,m
rindex(),l,xsi,m,m,.,.,.,.,m,libc,m
rintf(),m,m,.,.,.,m,.,.,.,libm,alpha
rintl(),m,m,.,.,.,m,.,.,.,libm,alpha
rint(),m,m,m,m,.,m,.,.,m,libm,alpha
rmdir(),m,m,m,m,m,.,.,m,m,libc,m
roundf(),m,m,.,.,.,m,.,.,.,libm,.
roundl(),m,m,.,.,.,m,.,.,.,libm,.
round(),m,m,.,.,.,m,.,.,.,libm,.
sbrk(),.,.,.,.,.,.,.,.,.,libc,.
scalbf(),.,.,.,.,.,.,.,.,.,libm,.
scalbl(),.,.,.,.,.,.,.,.,.,libm,.
scalblnf(),m,m,.,.,.,m,.,.,.,libm,.
scalblnl(),m,m,.,.,.,m,.,.,.,libm,.
scalbln(),m,m,.,.,.,m,.,.,.,libm,.
scalbnf(),m,m,.,.,.,m,.,.,.,libm,.
scalbnl(),m,m,.,.,.,m,.,.,.,libm,.
scalbn(),m,m,.,.,.,m,.,.,.,libm,.
scalb(),ob,xsi,m,m,.,.,.,m,m,libm,m
scanf(),m,m,m,m,m,m,m,m,m,libc,m
sched_getparam(),o,ps,o,.,r,.,.,.,.,libc,.
sched_get_priority_max(),o,ps,o,.,r,.,.,.,.,libc,m
sched_get_priority_min(),o,ps,o,.,r,.,.,.,.,libc,m
sched_getscheduler(),o,ps,o,.,r,.,.,.,.,libc,.
sched_rr_get_interval(),o,ps,o,.,r,.,.,.,.,libc,.
sched_setparam(),o,ps,o,.,r,.,.,.,.,libc,.
sched_setscheduler(),o,ps,o,.,r,.,.,.,.,libc,.
sched_yield(),m,ps|thr,m,.,r,.,.,.,.,libc,m
seed48(),m,xsi,m,m,.,.,.,m,.,libc,m
seekdir(),m,xsi,m,m,.,.,.,m,m,libc,m
select(),m,m,m,m,.,.,.,.,m,libc,.
sem_close(),o,sem,o,.,r,.,.,.,.,libpthread,.
semctl(),m,xsi,m,m,.,.,.,m,.,libc,.
sem_destroy(),o,sem,o,.,r,.,.,.,.,libpthread,.
semget(),m,xsi,m,m,.,.,.,m,.,libc,.
sem_getvalue(),o,sem,o,.,r,.,.,.,.,libpthread,.
sem_init(),o,sem,o,.,r,.,.,.,.,libpthread,.
sem_open(),o,sem,o,.,r,.,.,.,.,libpthread,.
semop(),m,xsi,m,m,.,.,.,m,.,libc,.
sem_post(),o,sem,o,.,r,.,.,.,.,libpthread,.
sem_timedwait(),o,semtmo,.,.,.,.,.,.,.,libpthread,.
sem_trywait(),o,sem,o,.,r,.,.,.,.,libpthread,.
sem_unlink(),o,sem,o,.,r,.,.,.,.,libpthread,.
sem_wait(),o,sem,o,.,r,.,.,.,.,libpthread,.
send(),m,m,m,m,.,.,.,.,m,libc,.
sendmsg(),m,m,m,m,.,.,.,.,m,libc,m
sendto(),m,m,m,m,.,.,.,.,m,libc,.
setbuffer(),.,.,.,.,.,.,.,.,.,libc,.
setbuf(),m,m,m,m,m,m,m,m,m,libc,m
setcontext(),m,xsi,m,m,.,.,.,m,.,libc,.
setdomainname(),.,.,.,.,.,.,.,.,.,libc,.
setegid(),m,m,.,.,.,.,.,.,.,libc,.
setenv(),m,m,.,.,.,.,.,.,.,libc,m
seteuid(),m,m,.,.,.,.,.,.,.,libc,alpha
setgid(),m,m,m,m,m,.,.,m,m,libc,m
setgrent(),m,xsi,m,m,.,.,.,m,m,libc,alpha
setgroups(),.,.,.,.,.,.,.,.,.,libc,.
sethostent(),m,m,m,m,.,.,.,.,m,libc(ob),.
sethostid(),.,.,.,.,.,.,.,.,.,libc,.
sethostname(),.,.,.,.,.,.,.,.,.,libc,.
setitimer(),m,xsi,m,m,.,.,.,m,m,libc,m
setjmp(),m,m,m,m,m,m,m,m,m,.,m
_setjmp(),m,xsi,m,m,.,.,.,.,m,libc,.
setkey(),o,xsi,o,o,.,.,.,m,m,libcrypt,.
setlocale(),m,m,m,m,m,m,m,m,.,libc,m
setlogmask(),m,xsi,m,m,.,.,.,.,m,libc,.
setmntent(),.,.,.,.,.,.,.,.,.,libc(ob),.
setnetent(),m,m,m,m,.,.,.,.,m,libc,.
setpgid(),m,m,m,m,m,.,.,m,.,libc,alpha
setpgrp(),m,xsi,m,m,.,.,.,m,m,libc,alpha
setpriority(),m,xsi,m,m,.,.,.,.,m,libc,.
setprotoent(),m,m,m,m,.,.,.,.,m,libc,.
setpwent(),m,xsi,m,m,.,.,.,m,m,libc,m
setregid(),m,xsi,m,m,.,.,.,.,m,libc,alpha
setreuid(),m,xsi,m,m,.,.,.,.,m,libc,alpha
setrlimit64(),.,.,.,.,.,.,.,.,.,libc,.
setrlimit(),m,xsi,m,m,.,.,.,m,m,libc,.
setservent(),m,m,m,m,.,.,.,.,m,libc,.
setsid(),m,m,m,m,m,.,.,m,.,libc,alpha
setsockopt(),m,m,m,m,.,.,.,.,m,libc,.
setstate(),m,xsi,m,m,.,.,.,.,m,libc,m
setuid(),m,m,m,m,m,.,.,m,m,libc,m
setutent(),.,.,.,.,.,.,.,.,.,libc,.
setutxent(),m,xsi,m,m,.,.,.,.,.,libc,.
setvbuf(),m,m,m,m,.,m,m,m,.,libc,m
shmat(),m,xsi,m,o,.,.,.,m,.,libc,.
shmctl(),m,xsi,m,o,.,.,.,m,.,libc,.
shmdt(),m,xsi,m,o,.,.,.,m,.,libc,.
shmget(),m,xsi,m,o,.,.,.,m,.,libc,.
shm_open(),o,shm,o,.,r,.,.,.,.,.,.
shm_unlink(),o,shm,o,.,r,.,.,.,.,.,.
shutdown(),m,m,m,m,.,.,.,.,m,libc,.
sigaction(),m,m,m,m,m,.,.,m,.,libc,m
sigaddset(),m,m,m,m,m,.,.,m,.,libc,m
sigaltstack(),m,xsi,m,m,.,.,.,m,.,libc,.
sigandset(),.,.,.,.,.,.,.,.,.,libc,.
sigblock(),.,.,.,.,.,.,.,.,.,libc,.
sigdelset(),m,m,m,m,m,.,.,m,.,libc,m
sigemptyset(),m,m,m,m,m,.,.,m,.,libc,m
sigfillset(),m,m,m,m,m,.,.,m,.,libc,m
siggetmask(),.,.,.,.,.,.,.,.,.,libc,.
sighold(),m,xsi,m,m,.,.,.,m,.,libc,alpha
sigignore(),m,xsi,m,m,.,.,.,m,.,libc,alpha
siginterrupt(),m,xsi,m,m,.,.,.,.,m,libc,.
sigisemptyset(),.,.,.,.,.,.,.,.,.,libc,.
sigismember(),m,m,m,m,m,.,.,m,.,libc,m
siglongjmp(),m,m,m,m,m,.,.,m,.,libc,m
signal(),m,m,m,m,.,m,m,m,m,libc,m
signbit(),m,m,.,.,.,m,.,.,.,.,.
signgam,m,xsi,.,.,.,.,.,m,.,libm,.
significandf(),.,.,.,.,.,.,.,.,.,libm,.
significand(),.,.,.,.,.,.,.,.,.,libm,.
significandl(),.,.,.,.,.,.,.,.,.,libm,.
sigorset(),.,.,.,.,.,.,.,.,.,libc,.
sigpause(),m,xsi,m,m,.,.,.,m,m,libc,m
sigpending(),m,m,m,m,m,.,.,m,.,libc,m
sigprocmask(),m,thr,m,m,m,.,.,m,.,libc,m
sigqueue(),o,rts,o,.,r,.,.,.,.,libc,.
sigrelse(),m,xsi,m,m,.,.,.,m,.,libc,alpha
sigreturn(),.,.,.,.,.,.,.,.,.,libc,.
__sigsetjmp(),.,.,.,.,.,.,.,.,.,libc,.
sigsetjmp(),m,m,m,m,m,.,.,m,.,.,m
sigset(),m,xsi,m,m,.,.,.,m,.,libc,.
sigstack(),.,.,.,.,.,.,.,.,.,libc,.
sigsuspend(),m,m,m,m,m,.,.,m,.,libc,m
sigtimedwait(),o,rts,o,.,r,.,.,.,.,libc,alpha
sigwaitinfo(),o,rts,o,.,r,.,.,.,.,libc,alpha
sigwait(),m,m,m,.,t,.,.,.,.,libc,alpha
sincosf(),.,.,.,.,.,.,.,.,.,libm,.
sincos(),.,.,.,.,.,.,.,.,.,libm,.
sincosl(),.,.,.,.,.,.,.,.,.,libm,.
sinf(),m,m,.,.,.,m,.,.,.,libm,alpha
sinhf(),m,m,.,.,.,m,.,.,.,libm,alpha
sinhl(),m,m,.,.,.,m,.,.,.,libm,alpha
sinh(),m,m,m,m,m,m,m,m,m,libm,m
sinl(),m,m,.,.,.,m,.,.,.,libm,alpha
sin(),m,m,m,m,m,m,m,m,m,libm,m
sleep(),m,m,m,m,m,.,.,m,m,libc,m
snprintf(),m,m,m,.,.,m,.,.,.,libc,m
sockatmark(),m,m,.,.,.,.,.,.,.,.,.
socket(),m,m,m,m,.,.,.,.,m,libc,.
socketpair(),m,m,m,m,.,.,.,.,m,libc,.
sprintf(),m,m,m,m,m,m,m,m,m,libc,m
sqrtf(),m,m,.,.,.,m,.,.,.,libm,alpha
sqrtl(),m,m,.,.,.,m,.,.,.,libm,alpha
sqrt(),m,m,m,m,m,m,m,m,m,libm,m
srand48(),m,xsi,m,m,.,.,.,m,.,libc,m
srand(),m,m,m,m,m,m,m,m,m,libc,m
srandom(),m,xsi,m,m,.,.,.,.,m,libc,m
sscanf(),m,m,m,m,m,m,m,m,m,libc,m
statfs64(),.,.,.,.,.,.,.,.,.,libc(ob),.
statfs(),.,.,.,.,.,.,.,.,.,libc(ob),.
stat(),m,m,m,m,m,.,.,m,m,.,m
statvfs64(),.,.,.,.,.,.,.,.,.,libc,.
statvfs(),m,xsi,m,m,.,.,.,m,.,libc,.
stderr,m,m,m,m,m,m,m,m,m,libc,m
stdin,m,m,m,m,m,m,m,m,m,libc,m
stdout,m,m,m,m,m,m,m,m,m,libc,m
step(),.,.,.,.,.,.,.,.,.,libc,.
stime(),.,.,.,.,.,.,.,.,.,libc,.
__stpcpy(),.,.,.,.,.,.,.,.,.,libc,.
stpcpy(),.,.,.,.,.,.,.,.,.,libc,.
stpncpy(),.,.,.,.,.,.,.,.,.,libc,.
strcasecmp(),m,xsi,m,m,.,.,.,.,.,libc,m
strcasestr(),.,.,.,.,.,.,.,.,.,libc,.
strcat(),m,m,m,m,m,m,m,m,m,libc,m
strchr(),m,m,m,m,m,m,m,m,.,libc,m
strcmp(),m,m,m,m,m,m,m,m,m,libc,m
strcoll(),m,m,m,m,.,m,m,m,.,libc,m
strcpy(),m,m,m,m,m,m,m,m,m,libc,m
strcspn(),m,m,m,m,m,m,m,m,.,libc,m
__strdup(),.,.,.,.,.,.,.,.,.,libc,.
strdup(),m,xsi,m,m,.,.,.,m,.,libc,m
strerror(),m,m,m,m,.,m,m,m,.,libc,m
strerror_r(),m,tsf,.,.,.,.,.,.,.,libc,.
strfmon(),m,xsi,m,o,.,.,.,.,.,libc,m
strfry(),.,.,.,.,.,.,.,.,.,libc,.
strftime(),m,m,m,m,m,m,m,m,.,libc,m
strlen(),m,m,m,m,m,m,m,m,m,libc,m
strncasecmp(),m,xsi,m,m,.,.,.,.,.,libc,m
strncat(),m,m,m,m,m,m,m,m,m,libc,m
strncmp(),m,m,m,m,m,m,m,m,m,libc,m
strncpy(),m,m,m,m,m,m,m,m,m,libc,m
strndup(),.,.,.,.,.,.,.,.,.,libc,.
strnlen(),.,.,.,.,.,.,.,.,.,libc,.
strpbrk(),m,m,m,m,m,m,m,m,.,libc,m
strptime(),m,xsi,m,o,.,.,.,.,.,libc,m
strrchr(),m,m,m,m,m,m,m,m,.,libc,m
strsep(),.,.,.,.,.,.,.,.,.,libc,.
strsignal(),.,.,.,.,.,.,.,.,.,libc,.
strspn(),m,m,m,m,m,m,m,m,.,libc,m
strstr(),m,m,m,m,m,m,m,m,.,libc,m
__strtod_internal(),.,.,.,.,.,.,.,.,.,libc,.
strtod(),m,m,m,m,.,m,m,m,.,libc,m
__strtof_internal(),.,.,.,.,.,.,.,.,.,libc,.
strtof(),m,m,.,.,.,m,.,.,.,libc,.
strtoimax(),m,m,.,.,.,m,.,.,.,libc,.
strtok(),m,m,m,m,m,m,m,m,.,libc,m
__strtok_r(),.,.,.,.,.,.,.,.,.,libc,.
strtok_r(),m,tsf,m,.,t,.,.,.,.,libc,m
__strtold_internal(),.,.,.,.,.,.,.,.,.,libc,.
strtold(),m,m,.,.,.,m,.,.,.,libc,.
__strtol_internal(),.,.,.,.,.,.,.,.,.,libc,.
__strtoll_internal(),.,.,.,.,.,.,.,.,.,libc,.
strtoll(),m,m,.,.,.,m,.,.,.,libc,alpha
strtol(),m,m,m,m,.,m,m,m,.,libc,m
strtoq(),.,.,.,.,.,.,.,.,.,libc,.
__strtoul_internal(),.,.,.,.,.,.,.,.,.,libc,.
__strtoull_internal(),.,.,.,.,.,.,.,.,.,libc,.
strtoull(),m,m,.,.,.,m,.,.,.,libc,alpha
strtoul(),m,m,m,m,.,m,m,m,.,libc,m
strtoumax(),m,m,.,.,.,m,.,.,.,libc,.
strtouq(),.,.,.,.,.,.,.,.,.,libc,.
strverscmp(),.,.,.,.,.,.,.,.,.,libc,.
strxfrm(),m,m,m,m,.,m,m,m,.,libc,m
svcerr_auth(),.,.,.,.,.,.,.,.,.,libc,.
svcerr_decode(),.,.,.,.,.,.,.,.,.,libc,.
svcerr_noproc(),.,.,.,.,.,.,.,.,.,libc,.
svcerr_noprog(),.,.,.,.,.,.,.,.,.,libc,.
svcerr_progvers(),.,.,.,.,.,.,.,.,.,libc,.
svcerr_systemerr(),.,.,.,.,.,.,.,.,.,libc,.
svcerr_weakauth(),.,.,.,.,.,.,.,.,.,libc,.
svc_getreqset(),.,.,.,.,.,.,.,.,.,libc,.
swab(),m,xsi,m,m,.,.,.,m,m,libc,m
swapcontext(),m,xsi,m,m,.,.,.,.,.,libc,.
swprintf(),m,m,m,.,.,m,1,.,.,libc,m
swscanf(),m,m,m,.,.,m,1,.,.,libc,m
symlink(),m,m,m,m,.,.,.,m,m,libc,.
sync(),m,xsi,m,m,.,.,.,m,m,libc,.
__sysconf(),.,.,.,.,.,.,.,.,.,libc,.
sysconf(),m,m,m,m,m,.,.,m,.,libc,m
_sys_errlist,.,.,.,.,.,.,.,.,.,libc,.
syslog(),m,xsi,m,m,.,.,.,.,m,libc,.
_sys_siglist,.,.,.,.,.,.,.,.,.,libc,.
system(),m,m,m,m,.,m,m,m,m,libc,m
__sysv_signal(),.,.,.,.,.,.,.,.,.,libc,.
tanf(),m,m,.,.,.,m,.,.,.,libm,alpha
tanhf(),m,m,.,.,.,m,.,.,.,libm,alpha
tanhl(),m,m,.,.,.,m,.,.,.,libm,alpha
tanh(),m,m,m,m,m,m,m,m,m,libm,m
tanl(),m,m,.,.,.,m,.,.,.,libm,alpha
tan(),m,m,m,m,m,m,m,m,m,libm,m
tcdrain(),m,m,m,m,m,.,.,m,.,libc,.
tcflow(),m,m,m,m,m,.,.,m,.,libc,.
tcflush(),m,m,m,m,m,.,.,m,.,libc,.
tcgetattr(),m,m,m,m,m,.,.,m,.,libc,.
tcgetpgrp(),m,m,m,m,m,.,.,m,.,libc,.
tcgetsid(),m,xsi,m,m,.,.,.,m,.,libc,.
tcsendbreak(),m,m,m,m,m,.,.,m,.,libc,.
tcsetattr(),m,m,m,m,m,.,.,m,.,libc,.
tcsetpgrp(),m,m,m,m,m,.,.,m,.,libc,.
tdelete(),m,xsi,m,m,.,.,.,m,.,libc,.
telldir(),m,xsi,m,m,.,.,.,m,m,libc,m
tempnam(),m,xsi,m,m,.,.,.,m,.,libc,m
textdomain(),.,.,.,.,.,.,.,.,.,libc,.
tfind(),m,xsi,m,m,.,.,.,m,.,libc,.
tgammaf(),m,m,.,.,.,m,.,.,.,libm,.
tgammal(),m,m,.,.,.,m,.,.,.,libm,.
tgamma(),m,m,.,.,.,m,.,.,.,libm,.
time(),m,m,m,m,m,m,m,m,m,libc,m
timer_create(),o,tmr,o,.,r,.,.,.,.,.,.
timer_delete(),o,tmr,o,.,r,.,.,.,.,.,.
timer_getoverrun(),o,tmr,o,.,r,.,.,.,.,.,.
timer_gettime(),o,tmr,o,.,r,.,.,.,.,.,.
timer_settime(),o,tmr,o,.,r,.,.,.,.,.,.
times(),m,m,m,m,m,.,.,m,m,libc,m
__timezone,.,.,.,.,.,.,.,.,.,libc,.
timezone,m,xsi,m,m,.,.,.,m,.,libc,m
tmpfile64(),.,.,.,.,.,.,.,.,.,libc,.
tmpfile(),m,m,m,m,m,m,m,m,.,libc,m
tmpnam(),m,m,m,m,m,m,m,m,.,libc,m
toascii(),m,xsi,m,m,.,.,.,m,m,libc,m
tolower(),m,m,m,m,m,m,m,m,m,libc,m
_tolower(),m,xsi,m,m,.,.,.,m,.,libc,m
toupper(),m,m,m,m,m,m,m,m,m,libc,m
_toupper(),m,xsi,m,m,.,.,.,m,.,libc,m
towctrans(),m,m,m,.,.,m,1,.,.,libc,m
towlower(),m,m,m,m,.,m,1,.,.,libc,m
towupper(),m,m,m,m,.,m,1,.,.,libc,m
truncate64(),.,.,.,.,.,.,.,.,.,libc,.
truncate(),m,xsi,m,m,.,.,.,.,m,libc,m
truncf(),m,m,.,.,.,m,.,.,.,libm,alpha
truncl(),m,m,.,.,.,m,.,.,.,libm,alpha
trunc(),m,m,.,.,.,m,.,.,.,libm,alpha
tsearch(),m,xsi,m,m,.,.,.,m,.,libc,.
ttyname(),m,tsf,m,m,m,.,.,m,m,libc,m
ttyname_r(),m,tsf,m,.,t,.,.,.,.,libc,m
twalk(),m,xsi,m,m,.,.,.,m,.,libc,.
__tzname,.,.,.,.,.,.,.,.,.,libc,.
tzname,m,xsi,m,m,m,.,.,m,.,libc,m
tzset(),m,xsi,m,m,m,.,.,m,.,libc,m
ualarm(),ob,xsi,m,m,.,.,.,.,m,libc,m
ulimit(),m,xsi,m,m,.,.,.,m,.,libc,.
umask(),m,m,m,m,m,.,.,m,m,libc,m
uname(),m,m,m,m,m,.,.,m,.,libc,m
ungetc(),m,m,m,m,m,m,m,m,m,libc,m
ungetwc(),m,m,m,m,.,m,1,.,.,libc,m
unlink(),m,m,m,m,m,.,.,m,m,libc,m
unlockpt(),m,xsi,m,m,.,.,.,m,.,libc,.
unsetenv(),m,m,.,.,.,.,.,.,.,libc,m
_Unwind_DeleteException(),.,.,.,.,.,.,.,.,.,libgcc_s,.
_Unwind_Find_FDE(),.,.,.,.,.,.,.,.,.,libgcc_s,.
_Unwind_ForcedUnwind(),.,.,.,.,.,.,.,.,.,libgcc_s,.
_Unwind_GetDataRelBase(),.,.,.,.,.,.,.,.,.,libgcc_s,.
_Unwind_GetGR(),.,.,.,.,.,.,.,.,.,libgcc_s,.
_Unwind_GetIP(),.,.,.,.,.,.,.,.,.,libgcc_s,.
_Unwind_GetLanguageSpecificData(),.,.,.,.,.,.,.,.,.,libgcc_s,.
_Unwind_GetRegionStart(),.,.,.,.,.,.,.,.,.,libgcc_s,.
_Unwind_GetTextRelBase(),.,.,.,.,.,.,.,.,.,libgcc_s,.
_Unwind_RaiseException(),.,.,.,.,.,.,.,.,.,libgcc_s,.
_Unwind_Resume(),.,.,.,.,.,.,.,.,.,libgcc_s,.
_Unwind_SetGR(),.,.,.,.,.,.,.,.,.,libgcc_s,.
_Unwind_SetIP(),.,.,.,.,.,.,.,.,.,libgcc_s,.
usleep(),ob,xsi,m,m,.,.,.,.,m,libc,m
utime(),m,m,m,m,m,.,.,m,m,libc,m
utimes(),l,xsi,m,m,.,.,.,.,m,libc,m
va_arg(),m,m,.,.,.,.,.,.,.,.,m
va_copy(),m,m,.,.,.,.,.,.,.,.,.
va_end(),m,m,.,.,.,.,.,.,.,.,m
vasprintf(),.,.,.,.,.,.,.,.,.,libc,.
va_start(),m,m,.,.,.,.,.,.,.,.,m
vdprintf(),.,.,.,.,.,.,.,.,.,libc,.
verrx(),.,.,.,.,.,.,.,.,.,libc,.
vfork(),ob,xsi,m,m,.,.,.,.,m,libc,m
vfprintf(),m,m,m,m,.,.,.,m,.,libc,m
vfscanf(),m,m,.,.,.,m,.,.,.,libc,m
vfwprintf(),m,m,m,.,.,m,1,.,.,libc,m
vfwscanf(),m,m,.,.,.,m,.,.,.,libc,m
vprintf(),m,m,m,m,.,m,m,m,.,libc,m
vscanf(),m,m,.,.,.,m,.,.,.,libc,m
vsnprintf(),m,m,m,.,.,m,.,.,.,libc,alpha
vsprintf(),m,m,m,m,.,m,m,m,.,libc,m
vsscanf(),m,m,.,.,.,m,.,.,.,libc,m
vswprintf(),m,m,m,.,.,m,1,.,.,libc,m
vswscanf(),m,m,.,.,.,m,.,.,.,libc,m
vsyslog(),.,.,.,.,.,.,.,.,.,libc,.
vwprintf(),m,m,m,.,.,m,1,.,.,libc,m
vwscanf(),m,m,.,.,.,m,.,.,.,libc,m
wait3(),.,.,.,.,.,.,.,.,.,libc,.
wait4(),.,.,.,.,.,.,.,.,.,libc,.
waitid(),m,xsi,m,m,.,.,.,m,.,libc(ob),.
wait(),m,m,m,m,m,.,.,m,m,libc,m
waitpid(),m,m,m,m,m,.,.,m,m,libc,m
warn(),.,.,.,.,.,.,.,.,.,libc,.
warnx(),.,.,.,.,.,.,.,.,.,libc,.
wcpcpy(),.,.,.,.,.,.,.,.,.,libc,.
wcpncpy(),.,.,.,.,.,.,.,.,.,libc,.
wcrtomb(),m,m,m,.,.,m,1,.,.,libc,m
wcscasecmp(),.,.,.,.,.,.,.,.,.,libc,.
wcscat(),m,m,m,m,.,m,1,.,.,libc,m
wcschr(),m,m,m,m,.,m,1,.,.,libc,m
wcscmp(),m,m,m,m,.,m,1,.,.,libc,m
wcscoll(),m,m,m,o,.,m,1,.,.,libc,m
wcscpy(),m,m,m,m,.,m,1,.,.,libc,m
wcscspn(),m,m,m,m,.,m,1,.,.,libc,m
wcsdup(),.,.,.,.,.,.,.,.,.,libc,.
wcsftime(),m,m,m,o,.,m,1,.,.,libc,m
wcslen(),m,m,m,m,.,m,1,.,.,libc,m
wcsncasecmp(),.,.,.,.,.,.,.,.,.,libc,.
wcsncat(),m,m,m,m,.,m,1,.,.,libc,m
wcsncmp(),m,m,m,m,.,m,1,.,.,libc,m
wcsncpy(),m,m,m,m,.,m,1,.,.,libc,m
wcsnlen(),.,.,.,.,.,.,.,.,.,libc,.
wcsnrtombs(),.,.,.,.,.,.,.,.,.,libc,.
wcspbrk(),m,m,m,m,.,m,1,.,.,libc,m
wcsrchr(),m,m,m,m,.,m,1,.,.,libc,m
wcsrtombs(),m,m,m,.,.,m,1,.,.,libc,m
wcsspn(),m,m,m,m,.,m,1,.,.,libc,m
wcsstr(),m,m,m,.,.,m,1,.,.,libc,m
__wcstod_internal(),.,.,.,.,.,.,.,.,.,libc,.
wcstod(),m,m,m,m,.,m,1,.,.,libc,m
__wcstof_internal(),.,.,.,.,.,.,.,.,.,libc,.
wcstof(),m,m,.,.,.,m,.,.,.,libc,.
wcstoimax(),m,m,.,.,.,m,.,.,.,libc,.
wcstok(),m,m,m,m,.,m,1,.,.,libc,m
__wcstold_internal(),.,.,.,.,.,.,.,.,.,libc,.
wcstold(),m,m,.,.,.,m,.,.,.,libc,.
__wcstol_internal(),.,.,.,.,.,.,.,.,.,libc,.
wcstoll(),m,m,.,.,.,m,.,.,.,libc,.
wcstol(),m,m,m,m,.,m,1,.,.,libc,m
wcstombs(),m,m,m,m,.,m,m,m,.,libc,m
wcstoq(),.,.,.,.,.,.,.,.,.,libc,.
__wcstoul_internal(),.,.,.,.,.,.,.,.,.,libc,.
wcstoull(),m,m,.,.,.,m,.,.,.,libc,.
wcstoul(),m,m,m,m,.,m,1,.,.,libc,m
wcstoumax(),m,m,.,.,.,m,.,.,.,libc,.
wcstouq(),.,.,.,.,.,.,.,.,.,libc,.
wcswcs(),l,xsi,m,m,.,.,.,.,.,libc,m
wcswidth(),m,xsi,m,m,.,.,.,.,.,libc,m
wcsxfrm(),m,m,m,o,.,m,1,.,.,libc,m
wctob(),m,m,m,.,.,m,1,.,.,libc,m
wctomb(),m,m,m,m,.,m,m,m,.,libc,m
wctrans(),m,m,m,.,.,m,1,.,.,libc,m
wctype(),m,m,m,m,.,m,1,.,.,libc,m
wcwidth(),m,xsi,m,m,.,.,.,.,.,libc,m
wmemchr(),m,m,m,.,.,m,1,.,.,libc,m
wmemcmp(),m,m,m,.,.,m,1,.,.,libc,m
wmemcpy(),m,m,m,.,.,m,1,.,.,libc,m
wmemmove(),m,m,m,.,.,m,1,.,.,libc,m
wmemset(),m,m,m,.,.,m,1,.,.,libc,m
wordexp(),m,m,m,o,m,.,.,.,.,libc,.
wordfree(),m,m,m,o,m,.,.,.,.,libc,.
wprintf(),m,m,m,.,.,m,1,.,.,libc,m
write(),m,xsi,m,m,m,.,.,m,m,libc,m
writev(),m,xsi,m,m,.,.,.,m,m,libc,m
wscanf(),m,m,m,.,.,m,1,.,.,libc,m
xdr_accepted_reply(),.,.,.,.,.,.,.,.,.,libc,.
xdr_array(),.,.,.,.,.,.,.,.,.,libc,.
xdr_bool(),.,.,.,.,.,.,.,.,.,libc,.
xdr_bytes(),.,.,.,.,.,.,.,.,.,libc,.
xdr_callhdr(),.,.,.,.,.,.,.,.,.,libc,.
xdr_callmsg(),.,.,.,.,.,.,.,.,.,libc,.
xdr_char(),.,.,.,.,.,.,.,.,.,libc,.
xdr_double(),.,.,.,.,.,.,.,.,.,libc,.
xdr_enum(),.,.,.,.,.,.,.,.,.,libc,.
xdr_float(),.,.,.,.,.,.,.,.,.,libc,.
xdr_free(),.,.,.,.,.,.,.,.,.,libc,.
xdr_int(),.,.,.,.,.,.,.,.,.,libc,.
xdr_long(),.,.,.,.,.,.,.,.,.,libc,.
xdrmem_create(),.,.,.,.,.,.,.,.,.,libc,.
xdr_opaque_auth(),.,.,.,.,.,.,.,.,.,libc,.
xdr_opaque(),.,.,.,.,.,.,.,.,.,libc,.
xdr_pointer(),.,.,.,.,.,.,.,.,.,libc,.
xdrrec_create(),.,.,.,.,.,.,.,.,.,libc,.
xdrrec_eof(),.,.,.,.,.,.,.,.,.,libc,.
xdr_reference(),.,.,.,.,.,.,.,.,.,libc,.
xdr_rejected_reply(),.,.,.,.,.,.,.,.,.,libc,.
xdr_replymsg(),.,.,.,.,.,.,.,.,.,libc,.
xdr_short(),.,.,.,.,.,.,.,.,.,libc,.
xdr_string(),.,.,.,.,.,.,.,.,.,libc,.
xdr_u_char(),.,.,.,.,.,.,.,.,.,libc,.
xdr_u_int(),.,.,.,.,.,.,.,.,.,libc,.
xdr_u_long(),.,.,.,.,.,.,.,.,.,libc,.
xdr_union(),.,.,.,.,.,.,.,.,.,libc,.
xdr_u_short(),.,.,.,.,.,.,.,.,.,libc,.
xdr_vector(),.,.,.,.,.,.,.,.,.,libc,.
xdr_void(),.,.,.,.,.,.,.,.,.,libc,.
xdr_wrapstring(),.,.,.,.,.,.,.,.,.,libc,.
__xmknod(),.,.,.,.,.,.,.,.,.,libc,.
__xstat64(),.,.,.,.,.,.,.,.,.,libc,.
__xstat(),.,.,.,.,.,.,.,.,.,libc,.
y0f(),.,.,.,.,.,.,.,.,.,libm,alpha
y0l(),.,.,.,.,.,.,.,.,.,libm,alpha
y0(),m,xsi,m,m,.,.,.,m,m,libm,alpha
y1f(),.,.,.,.,.,.,.,.,.,libm,alpha
y1l(),.,.,.,.,.,.,.,.,.,libm,alpha
y1(),m,xsi,m,m,.,.,.,m,m,libm,alpha
ynf(),.,.,.,.,.,.,.,.,.,libm,alpha
ynl(),.,.,.,.,.,.,.,.,.,.,alpha
ynl(),.,.,.,.,.,.,.,.,.,libm,alpha
yn(),m,xsi,m,m,.,.,.,m,m,libm,alpha
